university,us_news_rank_23,course_catalog_accesible,did_it_include_any_class,general_school_notes,course_1_name,course_1_url,course_1_level,course_1_dept,course_1_topic_list,course_1_software,notes,course_2_name,course_2_url,course_2_level,course_2_dept,course_2_topic_list,course_2_software,notes_19,course_3_name,course_3_url,course_3_level,course_3_dept,course_3_topic_list,course_3_software,notes_26,course_4_name,course_4_url,course_4_level,course_4_dept,course_4_topic_list,course_4_software,notes_33,course_5_name,course_5_url,course_5_level,course_5_dept,course_5_topic_list,course_5_software,notes_40,course_6_name,course_6_url,course_6_level,course_6_dept,course_6_topic_list,course_6_software,notes_47,course_7_name,course_7_url,course_7_level,course_7_dept,course_7_topic_list,course_7_software,notes_54,course_8_name,course_8_url,course_8_level,course_8_dept,course_8_topic_list,course_8_software,notes_61,course_9_name,course_9_url,course_9_level,course_9_dept,course_9_topic_list,course_9_software,notes_68,course_10_name,course_10_url,course_10_level,course_10_dept,course_10_topic_list,course_10_software,notes_75,course_11_name,course_11_url,course_11_level,course_11_dept,course_11_topic_list,course_11_software,notes_82,course_12_name,course_12_url,course_12_level,course_12_dept,course_12_topic_list,course_12_software,notes_89,course_13_name,course_13_url,course_13_level,course_13_dept,course_13_topic_list,course_13_software,notes_96,course_14_name,course_14_url,course_14_level,course_14_dept,course_14_topic_list,course_14_software,notes_103,course_15_name,course_15_url,course_15_level,course_15_dept,course_15_topic_list,course_15_software,notes_110,type,notes_12
Princeton University,1,TRUE,TRUE,NA,Data Visualization/Cultural Facts,https://registrar.princeton.edu/course-offerings/course-details?term=1232&courseid=016438,Undergrad,Anthropology,None,None,NA,Drawing Data,https://registrar.princeton.edu/course-offerings/course-details?term=1232&courseid=015842,Undergrad,Freshman Seminar / Arts,None,None,NA,NA,NA,NA,NA,NA,NA,NA,NA,NA,NA,NA,NA,NA,NA,NA,NA,NA,NA,NA,NA,NA,NA,NA,NA,NA,NA,NA,NA,NA,NA,NA,NA,NA,NA,NA,NA,NA,NA,NA,NA,NA,NA,NA,NA,NA,NA,NA,NA,NA,NA,NA,NA,NA,NA,NA,NA,NA,NA,NA,NA,NA,NA,NA,NA,NA,NA,NA,NA,NA,NA,NA,NA,NA,NA,NA,NA,NA,NA,NA,NA,NA,NA,NA,NA,NA,NA,NA,NA,NA,NA,NA,university,NA
Massachusetts Institute of Technology,2,TRUE,TRUE,NA,Design Studio: Information Design and Visualization,https://infodesign.mit.edu/index.html,Both,Architecture,None,None,NA,Interactive Data Visualization and Society,http://vis.csail.mit.edu/classes/6.859/,Both,Electrical Engineering and Computer Science,Interactive Graphics,"Tableau, Vega-Lite, D3.js",NA,"Big Data, Visualization, and Society",http://dataviz-riyadh.mit.edu/course.html,Both,Urban Studies and Planning,Networks,"Python, HTML, CSS, JavaScript, D3.js",NA,NA,NA,NA,NA,NA,NA,NA,NA,NA,NA,NA,NA,NA,NA,NA,NA,NA,NA,NA,NA,NA,NA,NA,NA,NA,NA,NA,NA,NA,NA,NA,NA,NA,NA,NA,NA,NA,NA,NA,NA,NA,NA,NA,NA,NA,NA,NA,NA,NA,NA,NA,NA,NA,NA,NA,NA,NA,NA,NA,NA,NA,NA,NA,NA,NA,NA,NA,NA,NA,NA,NA,NA,NA,NA,NA,NA,NA,NA,NA,NA,NA,NA,NA,NA,university,NA
Harvard University,3,TRUE,TRUE,NA,Visualization,https://canvas.harvard.edu/courses/108108/assignments/syllabus,Undergrad,Computer Science,Interactive Graphics,"HTML, CSS, JavaScript, D3.js",NA,Data and Information Visualization / Advanced Data and Information Visualization,https://www.hks.harvard.edu/courses/data-and-information-visualization,Grad,Public Policy,"Spatial Data, Interactive Graphics","Microsoft Excel, Google Sheets, Tableau, Florish, Datawrapper, ArcGIS",NA,NA,NA,NA,NA,NA,NA,NA,NA,NA,NA,NA,NA,NA,NA,NA,NA,NA,NA,NA,NA,NA,NA,NA,NA,NA,NA,NA,NA,NA,NA,NA,NA,NA,NA,NA,NA,NA,NA,NA,NA,NA,NA,NA,NA,NA,NA,NA,NA,NA,NA,NA,NA,NA,NA,NA,NA,NA,NA,NA,NA,NA,NA,NA,NA,NA,NA,NA,NA,NA,NA,NA,NA,NA,NA,NA,NA,NA,NA,NA,NA,NA,NA,NA,NA,NA,NA,NA,NA,NA,NA,NA,university,NA
Yale University,3,TRUE,TRUE,NA,Environmental Data Visualization for Communication,https://resources.environment.yale.edu/courses/detail/603,Grad,Environment,None,"Mircrosoft Excel, R, Tableau",NA,"Critical Data Visualization: History, Theory, and Practice",NA,Undergrad,History,NA,None,NA,Data and Information Visualization,https://courses.yale.edu/?keyword=visualization&srcdb=202203,Undergrad,Computer Science,Spatial Data,NA,NA,NA,NA,NA,NA,NA,NA,NA,NA,NA,NA,NA,NA,NA,NA,NA,NA,NA,NA,NA,NA,NA,NA,NA,NA,NA,NA,NA,NA,NA,NA,NA,NA,NA,NA,NA,NA,NA,NA,NA,NA,NA,NA,NA,NA,NA,NA,NA,NA,NA,NA,NA,NA,NA,NA,NA,NA,NA,NA,NA,NA,NA,NA,NA,NA,NA,NA,NA,NA,NA,NA,NA,NA,NA,NA,NA,NA,NA,NA,NA,NA,NA,NA,NA,NA,university,NA
Stanford University,3,TRUE,TRUE,NA,Principles and Techniques for Data Visualization,NA,Both,Biosciences Interdisciplinary,NA,NA,NA,Data Visualization,https://online.stanford.edu/courses/cs448b-data-visualization,Grad,Computer Science,NA,NA,NA,NA,NA,NA,NA,NA,NA,NA,NA,NA,NA,NA,NA,NA,NA,NA,NA,NA,NA,NA,NA,NA,NA,NA,NA,NA,NA,NA,NA,NA,NA,NA,NA,NA,NA,NA,NA,NA,NA,NA,NA,NA,NA,NA,NA,NA,NA,NA,NA,NA,NA,NA,NA,NA,NA,NA,NA,NA,NA,NA,NA,NA,NA,NA,NA,NA,NA,NA,NA,NA,NA,NA,NA,NA,NA,NA,NA,NA,NA,NA,NA,NA,NA,NA,NA,NA,NA,NA,NA,NA,NA,NA,university,NA
University of Chicago,6,TRUE,TRUE,NA,Data Visualization Techniques,NA,Grad,Professional Education,NA,None,NA,Data Visualization and Communication,NA,Undergrad,Data Science Institute,NA,None,NA,Data Visualization,http://people.cs.uchicago.edu/~glk/class/datavis18/,Undergrad,Computer Science,High Dimensional,D3.js,NA,NA,NA,NA,NA,NA,NA,NA,NA,NA,NA,NA,NA,NA,NA,NA,NA,NA,NA,NA,NA,NA,NA,NA,NA,NA,NA,NA,NA,NA,NA,NA,NA,NA,NA,NA,NA,NA,NA,NA,NA,NA,NA,NA,NA,NA,NA,NA,NA,NA,NA,NA,NA,NA,NA,NA,NA,NA,NA,NA,NA,NA,NA,NA,NA,NA,NA,NA,NA,NA,NA,NA,NA,NA,NA,NA,NA,NA,NA,NA,NA,NA,NA,NA,NA,university,NA
University of Pennsylvania,7,TRUE,FALSE,NA,NA,NA,NA,NA,NA,NA,NA,NA,NA,NA,NA,NA,NA,NA,NA,NA,NA,NA,NA,NA,NA,NA,NA,NA,NA,NA,NA,NA,NA,NA,NA,NA,NA,NA,NA,NA,NA,NA,NA,NA,NA,NA,NA,NA,NA,NA,NA,NA,NA,NA,NA,NA,NA,NA,NA,NA,NA,NA,NA,NA,NA,NA,NA,NA,NA,NA,NA,NA,NA,NA,NA,NA,NA,NA,NA,NA,NA,NA,NA,NA,NA,NA,NA,NA,NA,NA,NA,NA,NA,NA,NA,NA,NA,NA,NA,NA,NA,NA,NA,NA,NA,NA,NA,NA,NA,university,NA
Johns Hopkins University,7,TRUE,TRUE,NA,Visualizing Data,NA,Undergrad,Political Science,Interactive Graphics,None,NA,Data Visualization,Government,Grad,Government,NA,None,NA,Data Visualization,NA,Grad,Electrical and Computer Engineering,NA,None,NA,Genomic Data Visualization,NA,Undergrad,Biomedical Engineering,NA,None,NA,Data Visualization,NA,Grad,Computer Science,NA,None,NA,NA,NA,NA,NA,NA,NA,NA,NA,NA,NA,NA,NA,NA,NA,NA,NA,NA,NA,NA,NA,NA,NA,NA,NA,NA,NA,NA,NA,NA,NA,NA,NA,NA,NA,NA,NA,NA,NA,NA,NA,NA,NA,NA,NA,NA,NA,NA,NA,NA,NA,NA,NA,NA,NA,NA,NA,NA,NA,NA,NA,NA,NA,NA,NA,NA,NA,NA,NA,NA,NA,university,NA
California Institute of Technology,9,TRUE,TRUE,NA,Data Visualization Projects,NA,Both,Scientific and Engineering Communication,None,NA,NA,NA,NA,NA,NA,NA,NA,NA,NA,NA,NA,NA,NA,NA,NA,NA,NA,NA,NA,NA,NA,NA,NA,NA,NA,NA,NA,NA,NA,NA,NA,NA,NA,NA,NA,NA,NA,NA,NA,NA,NA,NA,NA,NA,NA,NA,NA,NA,NA,NA,NA,NA,NA,NA,NA,NA,NA,NA,NA,NA,NA,NA,NA,NA,NA,NA,NA,NA,NA,NA,NA,NA,NA,NA,NA,NA,NA,NA,NA,NA,NA,NA,NA,NA,NA,NA,NA,NA,NA,NA,NA,NA,NA,NA,NA,NA,NA,NA,NA,university,NA
Duke University,10,TRUE,TRUE,NA,Advanced Data Visualization,https://stat.duke.edu/courses/advanced-data-visualization,Undergrad,"Statistical Science, Information Science + Studies","Statistical Modeling, Hypothesis Testing",R,NA,Data Visualization for Biomedical Sciences,https://graduateschool.bulletins.duke.edu/courses/0286711,Grad,Biomedical Sciences,None,R,Only open to students in the School of Medicine PhD programs,Data Visualization for Engineering Managers,https://www.coursicle.com/duke/courses/EGRMGMT/587/,Graduate,Engineering Management,None,None,NA,"Data Logic, Visualization, and Storytelling",https://datascience.duke.edu/academics/mids-courses/data-logic-visualization-and-storytelling/,Grad,Statistical Science,None,Tableau,NA,Data Visualization,NA,Grad,Business,None,"Tableau, Crystal Report, R",NA,Data Visualization for Social Science,https://sociology.duke.edu/courses/data-visualization-social-science,Undergraduate,Sociology,None,R,NA,NA,NA,NA,NA,NA,NA,NA,NA,NA,NA,NA,NA,NA,NA,NA,NA,NA,NA,NA,NA,NA,NA,NA,NA,NA,NA,NA,NA,NA,NA,NA,NA,NA,NA,NA,NA,NA,NA,NA,NA,NA,NA,NA,NA,NA,NA,NA,NA,NA,NA,NA,NA,NA,NA,NA,NA,NA,NA,NA,NA,NA,NA,NA,university,NA
Northwestern University,10,TRUE,TRUE,NA,Data Visualization,https://sps.northwestern.edu/masters/data-science/program-courses.php?course_id=4780,Grad,Data Science,"Networks, Interactive Graphics",NA,NA,Visualization of Data and Text,NA,Grad,Information Design & Strategy,"Time Series, Text Data, Networks, Interactive Graphics",NA,NA,Data Visualization,NA,Both,Statistics and Data Science,None,NA,NA,Interactive Information Visualization,https://www.mccormick.northwestern.edu/computer-science/academics/courses/descriptions/333.html,Undergrad,Computer Science,Interactive Graphics,D3.js,NA,Data Visualization and Storytelling,NA,Both,Health Analytics,None,R (ggplot),NA,Introduction to Data Visualization and Data Storytelling,https://www.mccormick.northwestern.edu/analytics/curriculum/descriptions/msia-411.html,Grad,Analytics,None,None,NA,Data Analysis and Visualization,https://class-descriptions.northwestern.edu/4850/JOUR/JOUR/29079,Undergrad,Journalism,None,None,NA,NA,NA,NA,NA,NA,NA,NA,NA,NA,NA,NA,NA,NA,NA,NA,NA,NA,NA,NA,NA,NA,NA,NA,NA,NA,NA,NA,NA,NA,NA,NA,NA,NA,NA,NA,NA,NA,NA,NA,NA,NA,NA,NA,NA,NA,NA,NA,NA,NA,NA,NA,NA,NA,NA,NA,NA,university,NA
Dartmouth College,12,TRUE,TRUE,NA,Data Visualization,http://dartmouth.smartcatalogiq.com/current/orc/Departments-Programs-Undergraduate/Quantitative-Social-Science/QSS-Quantitative-Social-Sciences/QSS-17,Undergrad,"Quantitative Social Science, Government",None,R,NA,Geovisualization,http://dartmouth.smartcatalogiq.com/current/orc/Departments-Programs-Undergraduate/Geography/GEOG-Geography/GEOG-54,Undergrad,Geography,"Spatial Data, Networks",NA,NA,NA,NA,NA,NA,NA,NA,NA,NA,NA,NA,NA,NA,NA,NA,NA,NA,NA,NA,NA,NA,NA,NA,NA,NA,NA,NA,NA,NA,NA,NA,NA,NA,NA,NA,NA,NA,NA,NA,NA,NA,NA,NA,NA,NA,NA,NA,NA,NA,NA,NA,NA,NA,NA,NA,NA,NA,NA,NA,NA,NA,NA,NA,NA,NA,NA,NA,NA,NA,NA,NA,NA,NA,NA,NA,NA,NA,NA,NA,NA,NA,NA,NA,NA,NA,NA,NA,NA,NA,NA,NA,NA,university,NA
Brown University,13,TRUE,TRUE,NA,Data Fluency for All,https://cs.brown.edu/courses/csci0100/,Undegrad,Computer Science,"Statistical Modeling (Regression), Clustering, Text Analysis, Networks",R (ggplot),NA,NA,NA,NA,NA,NA,NA,NA,NA,NA,NA,NA,NA,NA,NA,NA,NA,NA,NA,NA,NA,NA,NA,NA,NA,NA,NA,NA,NA,NA,NA,NA,NA,NA,NA,NA,NA,NA,NA,NA,NA,NA,NA,NA,NA,NA,NA,NA,NA,NA,NA,NA,NA,NA,NA,NA,NA,NA,NA,NA,NA,NA,NA,NA,NA,NA,NA,NA,NA,NA,NA,NA,NA,NA,NA,NA,NA,NA,NA,NA,NA,NA,NA,NA,NA,NA,NA,NA,NA,NA,NA,NA,NA,NA,NA,NA,NA,NA,NA,university,NA
Vanderbilt University,13,TRUE,TRUE,NA,Data Visualization,https://www.vanderbilt.edu/catalogs/kuali/undergraduate-22-23.php#/courses/SJHKvARSq?q=data%20visualization&itemTypes=courses&limit=20&skip=0&bc=true&bcCurrent=&bcCurrent=Data%20Visualization&bcItemType=courses,Both,Computer Science,"Spatial Data, High Dimensional, Networks",None,NA,NA,NA,NA,NA,NA,NA,NA,NA,NA,NA,NA,NA,NA,NA,NA,NA,NA,NA,NA,NA,NA,NA,NA,NA,NA,NA,NA,NA,NA,NA,NA,NA,NA,NA,NA,NA,NA,NA,NA,NA,NA,NA,NA,NA,NA,NA,NA,NA,NA,NA,NA,NA,NA,NA,NA,NA,NA,NA,NA,NA,NA,NA,NA,NA,NA,NA,NA,NA,NA,NA,NA,NA,NA,NA,NA,NA,NA,NA,NA,NA,NA,NA,NA,NA,NA,NA,NA,NA,NA,NA,NA,NA,NA,NA,NA,NA,NA,NA,university,NA
Washington University in St. Louis,15,TRUE,TRUE,NA,Data Visualization for Business Insights,https://courses.wustl.edu/CourseInfo.aspx?sch=B&dept=B69&crs=560E,Both,Data Analytics,"Time Series, Interactive Graphics",Tableau,NA,Advanced Data Visualization (with R),https://courses.wustl.edu/CourseInfo.aspx?sch=U&dept=U20&crs=224,Undergrad,"Mathematics and Statistics, Computers and Information Management",Time Series,R (ggplot),NA,Introduction to Visualization,https://courses.wustl.edu/CourseInfo.aspx?sch=E&dept=E81&crs=457A,Undergrad,Computer Science and Engineering,Interactive Graphics,None,NA,Data Analysis and Visualization in Tableau,https://courses.wustl.edu/CourseInfo.aspx?sch=U&dept=U44&crs=206,Undergrad,"Business, Computers and Information Management",Interactive Graphics,Tableau,NA,Data Visualization,https://courses.wustl.edu/CourseInfo.aspx?sch=X&dept=X10&crs=304,Both,Design & Visual Arts,None,Adobe Illustrator,NA,NA,NA,NA,NA,NA,NA,NA,NA,NA,NA,NA,NA,NA,NA,NA,NA,NA,NA,NA,NA,NA,NA,NA,NA,NA,NA,NA,NA,NA,NA,NA,NA,NA,NA,NA,NA,NA,NA,NA,NA,NA,NA,NA,NA,NA,NA,NA,NA,NA,NA,NA,NA,NA,NA,NA,NA,NA,NA,NA,NA,NA,NA,NA,NA,NA,NA,NA,NA,NA,NA,university,NA
Rice University,15,TRUE,TRUE,NA,Introduction to Effective Data Visualization,NA,Undergrad,Data Sciece,None,Python or R,NA,Data Visualization,NA,Graduate,Computer Science,NA,Python,NA,NA,NA,NA,NA,NA,NA,NA,NA,NA,NA,NA,NA,NA,NA,NA,NA,NA,NA,NA,NA,NA,NA,NA,NA,NA,NA,NA,NA,NA,NA,NA,NA,NA,NA,NA,NA,NA,NA,NA,NA,NA,NA,NA,NA,NA,NA,NA,NA,NA,NA,NA,NA,NA,NA,NA,NA,NA,NA,NA,NA,NA,NA,NA,NA,NA,NA,NA,NA,NA,NA,NA,NA,NA,NA,NA,NA,NA,NA,NA,NA,NA,NA,NA,NA,NA,NA,NA,NA,NA,NA,NA,university,NA
Cornell University,17,TRUE,TRUE,NA,Data Communication,https://classes.cornell.edu/browse/roster/SP23/class/INFO/3312,Both,Information Science,None,R,NA,NA,NA,NA,NA,NA,NA,NA,NA,NA,NA,NA,NA,NA,NA,NA,NA,NA,NA,NA,NA,NA,NA,NA,NA,NA,NA,NA,NA,NA,NA,NA,NA,NA,NA,NA,NA,NA,NA,NA,NA,NA,NA,NA,NA,NA,NA,NA,NA,NA,NA,NA,NA,NA,NA,NA,NA,NA,NA,NA,NA,NA,NA,NA,NA,NA,NA,NA,NA,NA,NA,NA,NA,NA,NA,NA,NA,NA,NA,NA,NA,NA,NA,NA,NA,NA,NA,NA,NA,NA,NA,NA,NA,NA,NA,NA,NA,NA,NA,university,NA
Columbia University,18,TRUE,TRUE,"Only could find and search S23 catalog (undergrad & grad), F22 didn't work",Topics in Computer Science: Intro to Data Visualization,https://columbiaviz.github.io/2023s_w4995/syllabus.html,Both,Computer Science,"Hypothesis Testing, Spatial Data, Text Data, Interactive Graphics","D3.js, Observable",NA,Topics in Modern Statistics: Statistical Graphics,https://github.com/HaoWu2019/StatGraph5293/blob/master/Syllabus.md,Grad,Statistics,"Spatial Data, Time Series, Interactive Graphics","R, JavaScript",NA,Data Visualization and Storytelling,http://www.columbia.edu/cu/bulletin/uwb/#/cu/bulletin/uwb/subj/SOSC/P6777-20231-001,Grad,Sociomedical Sciences,None,Tableau,NA,Data Visualization,http://www.columbia.edu/cu/bulletin/uwb/#/cu/bulletin/uwb/subj/QMSS/GR5063-20231-001,Grad,Quantitative Methods/Social Sciences,"Spatial Data, Networks, Interactive Graphics","R, JavaScript, D3.js, HTML, CSS, GitHub",NA,NA,NA,NA,NA,NA,NA,NA,NA,NA,NA,NA,NA,NA,NA,NA,NA,NA,NA,NA,NA,NA,NA,NA,NA,NA,NA,NA,NA,NA,NA,NA,NA,NA,NA,NA,NA,NA,NA,NA,NA,NA,NA,NA,NA,NA,NA,NA,NA,NA,NA,NA,NA,NA,NA,NA,NA,NA,NA,NA,NA,NA,NA,NA,NA,NA,NA,NA,NA,NA,NA,NA,NA,NA,NA,NA,NA,NA,university,NA
University of Notre Dame,18,TRUE,TRUE,NA,Data Visualization,NA,Undergraduate,Computer Science and Engineering,Interactive Graphics,"D3.js, ParaView",NA,Conveying Visual Data Insights,NA,Both,"IT, Analytics and Operations",NA,Tableau,NA,Visual Communication Design 10: Visualization of Data,NA,Both,Design,"Spatial Data, Interactive Graphics",None,NA,Data Visualization,NA,Grad,Data Science,Interactive Graphics,Tableau,NA,Special Topics in Biochemistry,NA,Grad,Chemistry and Biochemistry,None,None,NA,Data Exploration and Visualization,https://mendozambaportal.nd.edu/assets/279793/itao_70220_data_exploration_and_visualization.pdf,Undergrad,"IT, Analytics, and Operations","Spatial Data, Time Series, Networks, Interactive Graphics",Tableau,NA,Data Visualization,NA,Grad,Business Analytics,None,Tableau,NA,Visualizing Politics,NA,Both,Political Science,None,None,NA,NA,NA,NA,NA,NA,NA,NA,NA,NA,NA,NA,NA,NA,NA,NA,NA,NA,NA,NA,NA,NA,NA,NA,NA,NA,NA,NA,NA,NA,NA,NA,NA,NA,NA,NA,NA,NA,NA,NA,NA,NA,NA,NA,NA,NA,NA,NA,NA,NA,university,NA
University of California-Los Angeles,20,TRUE,TRUE,NA,Applied Data Management for Economists,NA,Grad,Economics,Interactive Graphics,"Tableau, Microsoft Excel, Python (matplotlib, plotly)",NA,NA,NA,NA,NA,NA,NA,NA,NA,NA,NA,NA,NA,NA,NA,NA,NA,NA,NA,NA,NA,NA,NA,NA,NA,NA,NA,NA,NA,NA,NA,NA,NA,NA,NA,NA,NA,NA,NA,NA,NA,NA,NA,NA,NA,NA,NA,NA,NA,NA,NA,NA,NA,NA,NA,NA,NA,NA,NA,NA,NA,NA,NA,NA,NA,NA,NA,NA,NA,NA,NA,NA,NA,NA,NA,NA,NA,NA,NA,NA,NA,NA,NA,NA,NA,NA,NA,NA,NA,NA,NA,NA,NA,NA,NA,NA,NA,NA,NA,university,NA
University of California-Berkeley,20,TRUE,TRUE,NA,Special Topics in Public Affairs: Data Visualization,https://classes.berkeley.edu/content/2022-fall-pubaff-290-003-lec-003,Grad,Public Affairs,None,"Microsoft Excel, Tableau",NA,Data Visualization,https://classes.berkeley.edu/content/2023-spring-datasci-209-001-lec-001,Both,Data Science,None,NA,NA,Data Visualization for Public Health,https://classes.berkeley.edu/content/2022-fall-pbhlth-w251b-001-lec-001,Grad,Public Health,None,"R (ggplot), REDCap, Tableau",NA,Introduction to Data Visualization,https://classes.berkeley.edu/content/2022-fall-journ-221-001-sem-001,Grad,Journalism,None,NA,NA,NA,NA,NA,NA,NA,NA,NA,NA,NA,NA,NA,NA,NA,NA,NA,NA,NA,NA,NA,NA,NA,NA,NA,NA,NA,NA,NA,NA,NA,NA,NA,NA,NA,NA,NA,NA,NA,NA,NA,NA,NA,NA,NA,NA,NA,NA,NA,NA,NA,NA,NA,NA,NA,NA,NA,NA,NA,NA,NA,NA,NA,NA,NA,NA,NA,NA,NA,NA,NA,NA,NA,NA,NA,NA,NA,NA,NA,university,NA
Emory University,22,TRUE,TRUE,NA,Data Visualization,NA,Both,Information Systems and Operation Management,Time Series,Tableau,NA,Financial Analysis and Visualization,NA,Grad,Information Systems and Operations Management,"Interactive Graphics, Time Series, Spatial Data","R, Power BI",NA,Topics in Computer Science: Information Visualization,NA,Undergrad,Computer Science,Interactive Graphics,NA,NA,NA,NA,NA,NA,NA,NA,NA,NA,NA,NA,NA,NA,NA,NA,NA,NA,NA,NA,NA,NA,NA,NA,NA,NA,NA,NA,NA,NA,NA,NA,NA,NA,NA,NA,NA,NA,NA,NA,NA,NA,NA,NA,NA,NA,NA,NA,NA,NA,NA,NA,NA,NA,NA,NA,NA,NA,NA,NA,NA,NA,NA,NA,NA,NA,NA,NA,NA,NA,NA,NA,NA,NA,NA,NA,NA,NA,NA,NA,NA,NA,NA,NA,NA,NA,university,NA
Georgetown University,22,TRUE,TRUE,NA,Advanced Data Visualization,NA,Grad,Data Science and Analytics,Statistical Modeling,"Tableau, R (ggplot)",NA,"Numbers, Pictures, and Politics",NA,Both,Government,None,"Microsoft Excel, R, Google Charts, Adobe Illustrator",NA,Environmental Visualization and Storytelling with Data,NA,Grad,Enviromental and Sustainability Management,Spatial Data,NA,NA,Data Visualization for Politics,NA,Both,Government,Interactive Graphics,NA,NA,Introduction to Data Visualization,NA,Undergrad,International Affairs,None,None,NA,Data Visualization: Art/Science,NA,Grad,Foreign Service,Interactive Graphics,"Google Data Studio, PowerBI, Infogram, Flourish, Kumu","Short course, offered over 2 weekends",Data Visualization and Graphics,NA,Undergrad,Mathematics,None,R,NA,Data Visualization,NA,Grad,Journalism,Interactive Graphics,None,NA,Data Visualization for Data Science,NA,Grad,Data Science (Public Policy),Interactive Graphics,"R, Python, Tableau",NA,Data Visualization,NA,Grad,Public Policy,Interactive Graphics,"R, Tableau",NA,Visualizing Evidence,NA,Grad,"Learning, Design, and Technology","Interactive Graphics, Statistical Modeling",R,Mentions having readings from Tukey's Exploratory Data Analysis and Tufte's The Visual Display of Quantitative Information,Data Visualization,NA,Undergrad,University Wide Cross-Disciplinary Courses,None,"R, Tableau, Adobe Illustrator",NA,Population Health and Data Visualization,NA,Grad,Health,None,"Tableau, PowerBI",NA,Data Visualization,NA,Undergrad,Operations and Information Management,None,Tableau,NA,Visualization and Storytelling with Data,NA,Grad,Operations and Information Management,None,None,NA,university,NA
Carnegie Mellon University,22,TRUE,TRUE,NA,Statistical Graphics and Visualization,https://cmu-36315.netlify.app,Undergrad,Statistics and Data Science,"Hypothesis Testing/Confidence Intervals, Statistical Modeling, Spatial Data, Clustering, Time Series, High Dimensional, Text Data, Networks, Interactive Graphics",R,NA,Information Visualization for Scientists,https://www.cmu.edu/mcs/grad/programs/ms-data-analytics/courses/38612-information-visualization-for-scientists.html,Grad,Data Analytics for Science,"Interactive Graphics, Spatial Data","R (ggplot), Python (matplotlib, VisIt), D3.js, Tableau",NA,Telling Stories with Data,https://api.heinz.cmu.edu/courses_api/course_detail/94-870/,Both,Information Systems + Public Policy +Management,Interactive Graphics,None,NA,R Shiny for Operations Management,https://www.heinz.cmu.edu/current-students/courses/94-880/142197/,Grad,Information Systems + Public Policy + Management,Interactive Graphics,"R (Shiny), CSS",NA,Data Visualization and Dashboards,NA,Grad,Public Policy and Management,Interactive Graphics,Tableau,NA,Data Visualization,https://dig.cmu.edu/courses/2022-fall-datavis.html,Both,Human Computer Interaction,Interactive Graphics,"Vega-Lite, D3.js, SQL",NA,Data Visualization,NA,Grad,Statistics,"High Dimensional, Spatial Data, Text Data, Interactive Graphics","R (ggplot, tidyverse)",NA,Design Center: Data Visualization,https://docs.google.com/document/d/1p3-EODyl2BynRsbTqLQDyZgNNJ7zEwXH01Mcdly707c/edit,Both,Design,Interactive Graphics,"JavaScript, P5.js, Basil.js, Snap.svg, GSAP, D3.js",NA,NA,NA,NA,NA,NA,NA,NA,NA,NA,NA,NA,NA,NA,NA,NA,NA,NA,NA,NA,NA,NA,NA,NA,NA,NA,NA,NA,NA,NA,NA,NA,NA,NA,NA,NA,NA,NA,NA,NA,NA,NA,NA,NA,NA,NA,NA,NA,NA,NA,university,NA
University of Michigan-Ann Arbor,25,FALSE,FALSE,Course Catalog does not include course descriptions for F22 and is by deparment for W23 & S23 (they work on a trimester system),NA,NA,NA,NA,NA,NA,NA,NA,NA,NA,NA,NA,NA,NA,NA,NA,NA,NA,NA,NA,NA,NA,NA,NA,NA,NA,NA,NA,NA,NA,NA,NA,NA,NA,NA,NA,NA,NA,NA,NA,NA,NA,NA,NA,NA,NA,NA,NA,NA,NA,NA,NA,NA,NA,NA,NA,NA,NA,NA,NA,NA,NA,NA,NA,NA,NA,NA,NA,NA,NA,NA,NA,NA,NA,NA,NA,NA,NA,NA,NA,NA,NA,NA,NA,NA,NA,NA,NA,NA,NA,NA,NA,NA,NA,NA,NA,NA,NA,NA,NA,NA,NA,NA,NA,NA,university,NA
University of Virginia,25,TRUE,TRUE,NA,Data Visualization and Management,http://records.ureg.virginia.edu/preview_course_nopop.php?catoid=54&coid=342100,Undergrad,Statistics,None,SQL,NA,Communicating with Data,https://uvads.github.io/DS-2003/index.html,Undergrad,Data Science,Interactive Graphics,R (Shiny),NA,Data Visualization,https://web.arch.virginia.edu/arch547/syllabus.html,Grad,Architecture,"Interactive Graphics, Spatial Data","Tableau, D3.js, JavaScript, Adobe Illustrator, Inkscape, RawGraphs",Class has Tufte readings + includes more types of visualizations past the standard statistical ones,Storytelling with Data,http://records.ureg.virginia.edu/preview_course_nopop.php?catoid=55&coid=350905,Grad,Business,None,None,NA,Data Aggregation and Visualization,NA,Grad,Commerce,None,None,NA,NA,NA,NA,NA,NA,NA,NA,NA,NA,NA,NA,NA,NA,NA,NA,NA,NA,NA,NA,NA,NA,NA,NA,NA,NA,NA,NA,NA,NA,NA,NA,NA,NA,NA,NA,NA,NA,NA,NA,NA,NA,NA,NA,NA,NA,NA,NA,NA,NA,NA,NA,NA,NA,NA,NA,NA,NA,NA,NA,NA,NA,NA,NA,NA,NA,NA,NA,NA,NA,NA,university,NA
University of Southern California,25,TRUE,TRUE,NA,Data Visualization,https://catalogue.usc.edu/preview_course_nopop.php?catoid=16&coid=255545,Grad,Data Science,Interactive Graphics,NA,NA,Data Visualization and Interactive Tools,https://catalogue.usc.edu/preview_course_nopop.php?catoid=16&coid=253869,Undergrad,Journalism,None,NA,NA,Information Visualization,https://web-app.usc.edu/soc/syllabus/20141/37428.pdf,Undergrad,Institute for Multimedia Literacy,"Time Series, Interactive Graphics",None,NA,Communicating Data for Planning and Development,https://catalogue.usc.edu/preview_course_nopop.php?catoid=16&coid=254038,Grad,Urban and Regional Planning,None,None,NA,Techniques of Information Visualization,https://catalogue.usc.edu/preview_course_nopop.php?catoid=16&coid=244480,Grad,Institute for Multimedia Literacy,None,None,NA,NA,NA,NA,NA,NA,NA,NA,NA,NA,NA,NA,NA,NA,NA,NA,NA,NA,NA,NA,NA,NA,NA,NA,NA,NA,NA,NA,NA,NA,NA,NA,NA,NA,NA,NA,NA,NA,NA,NA,NA,NA,NA,NA,NA,NA,NA,NA,NA,NA,NA,NA,NA,NA,NA,NA,NA,NA,NA,NA,NA,NA,NA,NA,NA,NA,NA,NA,NA,NA,NA,university,NA
New York University,25,TRUE,TRUE,NA,Data Visualization,NA,Undergrad,Applied Data Analytics and Visualization,None,None,NA,Data Visualization,https://cusp.nyu.edu/wp-content/uploads/2019/10/CUSP-GX-6006.001-2018-Syllabus.pdf,Grad,Center for Urban Science and Progress,Interactive Graphics,"Python (matplotlib), VTK, D3.js",NA,Storytelling with Data,https://www.sps.nyu.edu/homepage/academics/courses/HCAT1-GC2005-storytelling-with-data.html,Undergrad,Human Capital Analytics and Technology,"Time Series, Interactive Graphics","Tableau, PowerBI",NA,Data Visualization for Business Intelligence,http://bulletin.engineering.nyu.edu/preview_course_nopop.php?catoid=15&coid=38017,Grad,Management,Interactive Graphics,"R, D3.js",NA,Data Visualization,NA,Grad,Health Administration,NA,Tableau,NA,Data Visualization and Storytelling,https://wagner.nyu.edu//files/syllabi/202301/PADM-GP.4119.001.pdf,Undergrad,Public and Nonprofit Management and Policy,Interactive Graphics,Tableau,NA,Data Visualization,NA,Undergrad,Technology,"Interactive Graphics, Time Series",NA,"Mentions Ben Fry, Colin Ware, and Richard Saul Wurman",Selected Topics in CS: Data Visualization,NA,Grad,Computer Science,NA,None,NA,Storytelling with Data Visualization,NA,Undergrad,Writing,None,None,NA,Information Visualization,NA,Undergrad,Data Science,Networks,None,NA,Visual Analytics,NA,Undergrad,Applied Data Analytics and Visualization,None,None,NA,Presenting and Visualizing Education Data,https://steinhardt.nyu.edu/courses/presenting-and-visualizing-education-data,Undergrad,"Applied Statistics, Social Science, and Humanities",None,None,NA,Advanced GIS: Interactive Web Mapping and Spatial Data Visualization,https://wagner.nyu.edu/education/courses/advanced-gis-interactive-web-mapping-and-spatial-data-visualization,Grad,Urban Planning,"Spatial Data, Interactive Graphics","HTML, CSS, JavaScript, GitHub, QGIS, CartoDB, PostGIS",NA,Urban Data Mapping,NA,Undergrad,Urban Studies,"Spatial Data, Interactive Graphics",NA,NA,NA,NA,NA,NA,NA,NA,NA,university,NA
University of Florida,29,TRUE,TRUE,NA,Data Visualization in the Health Sciences,https://undergrad.phhp.ufl.edu/wordpress/files/2023/01/PHC4792-Syllabus-Sp23.pdf,Undergrad,Public Health,"Time Series, Spatial Data","R (tidyverse, plotly)",NA,Spatial Maps and Graphs,https://geog.ufl.edu/wp-content/uploads/sites/60/GIS3001C_Spatial_Maps_and_Graphs_2022_SounnySlitine.pdf,Undergrad,Geography,"Spatial Data, Interactive Graphics","Adobe Suite, ArcGIS",NA,Dataviz and Mapping,https://www.jou.ufl.edu/assets/syllabi/202101/JOU3121-Dataviz-and-Mapping-Lewis-S21.pdf,Undergrad,Journalism,Spatial Data,Tableau,NA,NA,NA,NA,NA,NA,NA,NA,NA,NA,NA,NA,NA,NA,NA,NA,NA,NA,NA,NA,NA,NA,NA,NA,NA,NA,NA,NA,NA,NA,NA,NA,NA,NA,NA,NA,NA,NA,NA,NA,NA,NA,NA,NA,NA,NA,NA,NA,NA,NA,NA,NA,NA,NA,NA,NA,NA,NA,NA,NA,NA,NA,NA,NA,NA,NA,NA,NA,NA,NA,NA,NA,NA,NA,NA,NA,NA,NA,NA,NA,NA,NA,NA,NA,NA,university,NA
University of North Carolina-Chapel Hill,29,TRUE,TRUE,NA,Data Visualization,NA,Grad,Health Policy and Management,None,Tableau,NA,First Year Seminar: Visualizing Data,NA,Undergrad,Statistics and Operations Research,NA,None,NA,Geovisualizing Change,NA,Both,Geography,Spatial Data,None,NA,NA,NA,NA,NA,NA,NA,NA,NA,NA,NA,NA,NA,NA,NA,NA,NA,NA,NA,NA,NA,NA,NA,NA,NA,NA,NA,NA,NA,NA,NA,NA,NA,NA,NA,NA,NA,NA,NA,NA,NA,NA,NA,NA,NA,NA,NA,NA,NA,NA,NA,NA,NA,NA,NA,NA,NA,NA,NA,NA,NA,NA,NA,NA,NA,NA,NA,NA,NA,NA,NA,NA,NA,NA,NA,NA,NA,NA,NA,NA,NA,NA,NA,NA,NA,university,NA
Wake Forest University,29,FALSE,FALSE,Course Catalog was missing descriptions,NA,NA,NA,NA,NA,NA,NA,NA,NA,NA,NA,NA,NA,NA,NA,NA,NA,NA,NA,NA,NA,NA,NA,NA,NA,NA,NA,NA,NA,NA,NA,NA,NA,NA,NA,NA,NA,NA,NA,NA,NA,NA,NA,NA,NA,NA,NA,NA,NA,NA,NA,NA,NA,NA,NA,NA,NA,NA,NA,NA,NA,NA,NA,NA,NA,NA,NA,NA,NA,NA,NA,NA,NA,NA,NA,NA,NA,NA,NA,NA,NA,NA,NA,NA,NA,NA,NA,NA,NA,NA,NA,NA,NA,NA,NA,NA,NA,NA,NA,NA,NA,NA,NA,NA,NA,university,NA
Tufts University,32,TRUE,TRUE,NA,Data Visualization for Public Health I,NA,Grad,Public Health and Community Medicine,None,R,"Open to MD, MPH (Masters of Public Health), and other students.",Data Visualization and Effective Communication,https://nutrition.tufts.edu/sites/default/files/courses/syllabi/NUTR%200393.pdf,Grad,Nutrition Science and Policy,"Spatial Data, High Dimensional",NA,NA,NA,NA,NA,NA,NA,NA,NA,NA,NA,NA,NA,NA,NA,NA,NA,NA,NA,NA,NA,NA,NA,NA,NA,NA,NA,NA,NA,NA,NA,NA,NA,NA,NA,NA,NA,NA,NA,NA,NA,NA,NA,NA,NA,NA,NA,NA,NA,NA,NA,NA,NA,NA,NA,NA,NA,NA,NA,NA,NA,NA,NA,NA,NA,NA,NA,NA,NA,NA,NA,NA,NA,NA,NA,NA,NA,NA,NA,NA,NA,NA,NA,NA,NA,NA,NA,NA,NA,NA,NA,NA,NA,university,NA
University of California-Santa Barbara,32,TRUE,TRUE,NA,Environmental Data Visualization,NA,Grad,Environmental Science & Management,Interactive Graphics,"Microsoft Excel, Tableau",NA,Data Visualization and Communication,https://bren.ucsb.edu/courses/eds-240,Grad,Environmental Data Science,Interactive Graphics,MySQL,NA,NA,NA,NA,NA,NA,NA,NA,NA,NA,NA,NA,NA,NA,NA,NA,NA,NA,NA,NA,NA,NA,NA,NA,NA,NA,NA,NA,NA,NA,NA,NA,NA,NA,NA,NA,NA,NA,NA,NA,NA,NA,NA,NA,NA,NA,NA,NA,NA,NA,NA,NA,NA,NA,NA,NA,NA,NA,NA,NA,NA,NA,NA,NA,NA,NA,NA,NA,NA,NA,NA,NA,NA,NA,NA,NA,NA,NA,NA,NA,NA,NA,NA,NA,NA,NA,NA,NA,NA,NA,NA,NA,university,NA
University of California-San Diego,34,TRUE,TRUE,Could only search by title,Information Visualization,NA,Undergrad,Cognitive Science,Interactive Graphics,None,NA,Data Visualization,NA,Grad,Data Science and Engineering,"Spatial Data, High Dimensional, Text Data, Networks, Interactive Graphics","D3.js, VisIt",NA,Introduction to Data Visualization,NA,Undergrad,Data Science,Interactive Graphics,D3.js,NA,NA,NA,NA,NA,NA,NA,NA,NA,NA,NA,NA,NA,NA,NA,NA,NA,NA,NA,NA,NA,NA,NA,NA,NA,NA,NA,NA,NA,NA,NA,NA,NA,NA,NA,NA,NA,NA,NA,NA,NA,NA,NA,NA,NA,NA,NA,NA,NA,NA,NA,NA,NA,NA,NA,NA,NA,NA,NA,NA,NA,NA,NA,NA,NA,NA,NA,NA,NA,NA,NA,NA,NA,NA,NA,NA,NA,NA,NA,NA,NA,NA,NA,NA,NA,university,NA
University of California-Irvine,34,TRUE,TRUE,NA,Information Visualization,https://www.ics.uci.edu/~redmiles/inf143-SQ08/,Undergrad,Informatics,Interactive Graphics,None,NA,NA,NA,NA,NA,NA,NA,NA,NA,NA,NA,NA,NA,NA,NA,NA,NA,NA,NA,NA,NA,NA,NA,NA,NA,NA,NA,NA,NA,NA,NA,NA,NA,NA,NA,NA,NA,NA,NA,NA,NA,NA,NA,NA,NA,NA,NA,NA,NA,NA,NA,NA,NA,NA,NA,NA,NA,NA,NA,NA,NA,NA,NA,NA,NA,NA,NA,NA,NA,NA,NA,NA,NA,NA,NA,NA,NA,NA,NA,NA,NA,NA,NA,NA,NA,NA,NA,NA,NA,NA,NA,NA,NA,NA,NA,NA,NA,NA,NA,university,NA
University of Rochester,36,TRUE,FALSE,NA,NA,NA,NA,NA,NA,NA,NA,NA,NA,NA,NA,NA,NA,NA,NA,NA,NA,NA,NA,NA,NA,NA,NA,NA,NA,NA,NA,NA,NA,NA,NA,NA,NA,NA,NA,NA,NA,NA,NA,NA,NA,NA,NA,NA,NA,NA,NA,NA,NA,NA,NA,NA,NA,NA,NA,NA,NA,NA,NA,NA,NA,NA,NA,NA,NA,NA,NA,NA,NA,NA,NA,NA,NA,NA,NA,NA,NA,NA,NA,NA,NA,NA,NA,NA,NA,NA,NA,NA,NA,NA,NA,NA,NA,NA,NA,NA,NA,NA,NA,NA,NA,NA,NA,NA,NA,university,NA
Boston College,36,TRUE,TRUE,Search incomplete due to course catalog not working properly,Data Visualization,https://carolinanobre.com/assets/files/6645_Syllabus.pdf,Both,Information Systems,None,Tableau,NA,Data Visualization,NA,Undergrad,Information Technology,Interactive Graphics,"Tableau, Microsoft Excel",NA,NA,NA,NA,NA,NA,NA,NA,NA,NA,NA,NA,NA,NA,NA,NA,NA,NA,NA,NA,NA,NA,NA,NA,NA,NA,NA,NA,NA,NA,NA,NA,NA,NA,NA,NA,NA,NA,NA,NA,NA,NA,NA,NA,NA,NA,NA,NA,NA,NA,NA,NA,NA,NA,NA,NA,NA,NA,NA,NA,NA,NA,NA,NA,NA,NA,NA,NA,NA,NA,NA,NA,NA,NA,NA,NA,NA,NA,NA,NA,NA,NA,NA,NA,NA,NA,NA,NA,NA,NA,NA,NA,university,NA
University of California-Davis,38,TRUE,TRUE,NA,Data Visualization,NA,Grad,Business Analytics,"Text Data, Interactive Graphics","R, Python, ManyEyes, HTML, CSS",NA,Information Interfaces,https://cs.ucdavis.edu/schedules-classes/ecs-163-information-interfaces,Undergrad,Computer Science Engineering,"High Dimensional, Text Data, Networks, Interactive Graphics",NA,NA,NA,NA,NA,NA,NA,NA,NA,NA,NA,NA,NA,NA,NA,NA,NA,NA,NA,NA,NA,NA,NA,NA,NA,NA,NA,NA,NA,NA,NA,NA,NA,NA,NA,NA,NA,NA,NA,NA,NA,NA,NA,NA,NA,NA,NA,NA,NA,NA,NA,NA,NA,NA,NA,NA,NA,NA,NA,NA,NA,NA,NA,NA,NA,NA,NA,NA,NA,NA,NA,NA,NA,NA,NA,NA,NA,NA,NA,NA,NA,NA,NA,NA,NA,NA,NA,NA,NA,NA,NA,NA,NA,university,NA
University of Texas-Austin,38,TRUE,FALSE,NA,NA,NA,NA,NA,NA,NA,NA,NA,NA,NA,NA,NA,NA,NA,NA,NA,NA,NA,NA,NA,NA,NA,NA,NA,NA,NA,NA,NA,NA,NA,NA,NA,NA,NA,NA,NA,NA,NA,NA,NA,NA,NA,NA,NA,NA,NA,NA,NA,NA,NA,NA,NA,NA,NA,NA,NA,NA,NA,NA,NA,NA,NA,NA,NA,NA,NA,NA,NA,NA,NA,NA,NA,NA,NA,NA,NA,NA,NA,NA,NA,NA,NA,NA,NA,NA,NA,NA,NA,NA,NA,NA,NA,NA,NA,NA,NA,NA,NA,NA,NA,NA,NA,NA,NA,NA,university,NA
University of Wisconsin-Madison,38,TRUE,TRUE,NA,Data Visualization,https://pages.graphics.cs.wisc.edu/765-22/pages/learning-goals/,Grad,Computer Science,"High Dimensional, Networks, Interactive Graphics",NA,NA,Data Visualization for Economists,NA,Both,Economics,None,Tableau,NA,Statistical Data Visualization,https://krisrs1128.github.io/stat479/,Both,Statistics,"Spatial Data, Clustering, Time Series, High Dimensional, Networks, Interactive Graphics",NA,NA,NA,NA,NA,NA,NA,NA,NA,NA,NA,NA,NA,NA,NA,NA,NA,NA,NA,NA,NA,NA,NA,NA,NA,NA,NA,NA,NA,NA,NA,NA,NA,NA,NA,NA,NA,NA,NA,NA,NA,NA,NA,NA,NA,NA,NA,NA,NA,NA,NA,NA,NA,NA,NA,NA,NA,NA,NA,NA,NA,NA,NA,NA,NA,NA,NA,NA,NA,NA,NA,NA,NA,NA,NA,NA,NA,NA,NA,NA,NA,NA,NA,NA,NA,NA,university,NA
College of William and Mary,41,TRUE,TRUE,NA,Data Visualization,https://catalog.wm.edu/preview_course_nopop.php?catoid=26&coid=77801,Undergrad,Data Science,None,None,NA,Data Visualization,https://catalog.wm.edu/preview_course_nopop.php?catoid=27&coid=80622,Grad,Business Administration,Text Data,None,NA,NA,NA,NA,NA,NA,NA,NA,NA,NA,NA,NA,NA,NA,NA,NA,NA,NA,NA,NA,NA,NA,NA,NA,NA,NA,NA,NA,NA,NA,NA,NA,NA,NA,NA,NA,NA,NA,NA,NA,NA,NA,NA,NA,NA,NA,NA,NA,NA,NA,NA,NA,NA,NA,NA,NA,NA,NA,NA,NA,NA,NA,NA,NA,NA,NA,NA,NA,NA,NA,NA,NA,NA,NA,NA,NA,NA,NA,NA,NA,NA,NA,NA,NA,NA,NA,NA,NA,NA,NA,NA,NA,university,NA
Boston University,41,FALSE,FALSE,22-23 not available,NA,NA,NA,NA,NA,NA,NA,NA,NA,NA,NA,NA,NA,NA,NA,NA,NA,NA,NA,NA,NA,NA,NA,NA,NA,NA,NA,NA,NA,NA,NA,NA,NA,NA,NA,NA,NA,NA,NA,NA,NA,NA,NA,NA,NA,NA,NA,NA,NA,NA,NA,NA,NA,NA,NA,NA,NA,NA,NA,NA,NA,NA,NA,NA,NA,NA,NA,NA,NA,NA,NA,NA,NA,NA,NA,NA,NA,NA,NA,NA,NA,NA,NA,NA,NA,NA,NA,NA,NA,NA,NA,NA,NA,NA,NA,NA,NA,NA,NA,NA,NA,NA,NA,NA,NA,university,NA
University of Illinois-Urbana-Champaign,41,TRUE,TRUE,NA,Data Visualization,https://courses.illinois.edu/search/schedule/2022/fall/IS/445?sess=,Both,Information Sciences,"Networks, High Dimensional",Python,NA,Display/Interpretation of Data,https://courses.illinois.edu/search/schedule/2022/fall/EPSY/508?sess=,Grad,Educational Psychology,None,NA,NA,NA,NA,NA,NA,NA,NA,NA,NA,NA,NA,NA,NA,NA,NA,NA,NA,NA,NA,NA,NA,NA,NA,NA,NA,NA,NA,NA,NA,NA,NA,NA,NA,NA,NA,NA,NA,NA,NA,NA,NA,NA,NA,NA,NA,NA,NA,NA,NA,NA,NA,NA,NA,NA,NA,NA,NA,NA,NA,NA,NA,NA,NA,NA,NA,NA,NA,NA,NA,NA,NA,NA,NA,NA,NA,NA,NA,NA,NA,NA,NA,NA,NA,NA,NA,NA,NA,NA,NA,NA,NA,NA,university,NA
Georgia Institute of Technology,44,FALSE,FALSE,Course Catalog broken,NA,NA,NA,NA,NA,NA,NA,NA,NA,NA,NA,NA,NA,NA,NA,NA,NA,NA,NA,NA,NA,NA,NA,NA,NA,NA,NA,NA,NA,NA,NA,NA,NA,NA,NA,NA,NA,NA,NA,NA,NA,NA,NA,NA,NA,NA,NA,NA,NA,NA,NA,NA,NA,NA,NA,NA,NA,NA,NA,NA,NA,NA,NA,NA,NA,NA,NA,NA,NA,NA,NA,NA,NA,NA,NA,NA,NA,NA,NA,NA,NA,NA,NA,NA,NA,NA,NA,NA,NA,NA,NA,NA,NA,NA,NA,NA,NA,NA,NA,NA,NA,NA,NA,NA,NA,university,NA
Brandeis University,44,TRUE,TRUE,NA,Information Visualization,https://registrar-prod.unet.brandeis.edu/registrar/schedule/course?acad_year=2023&crse_id=014044,Grad,Business,None,"R, MicroStrategy, Tableau",NA,NA,NA,NA,NA,NA,NA,NA,NA,NA,NA,NA,NA,NA,NA,NA,NA,NA,NA,NA,NA,NA,NA,NA,NA,NA,NA,NA,NA,NA,NA,NA,NA,NA,NA,NA,NA,NA,NA,NA,NA,NA,NA,NA,NA,NA,NA,NA,NA,NA,NA,NA,NA,NA,NA,NA,NA,NA,NA,NA,NA,NA,NA,NA,NA,NA,NA,NA,NA,NA,NA,NA,NA,NA,NA,NA,NA,NA,NA,NA,NA,NA,NA,NA,NA,NA,NA,NA,NA,NA,NA,NA,NA,NA,NA,NA,NA,NA,NA,university,NA
Case Western Reserve University,44,TRUE,TRUE,NA,Data Visualization in R,NA,Undergrad,Economics,None,R,NA,Data Visualization and Analytics,NA,Both,Applied Data Science,"Time Series, Interactive Graphics",R (Shiny),NA,NA,NA,NA,NA,NA,NA,NA,NA,NA,NA,NA,NA,NA,NA,NA,NA,NA,NA,NA,NA,NA,NA,NA,NA,NA,NA,NA,NA,NA,NA,NA,NA,NA,NA,NA,NA,NA,NA,NA,NA,NA,NA,NA,NA,NA,NA,NA,NA,NA,NA,NA,NA,NA,NA,NA,NA,NA,NA,NA,NA,NA,NA,NA,NA,NA,NA,NA,NA,NA,NA,NA,NA,NA,NA,NA,NA,NA,NA,NA,NA,NA,NA,NA,NA,NA,NA,NA,NA,NA,NA,NA,university,NA
Tulane University,44,TRUE,FALSE,NA,NA,NA,NA,NA,NA,NA,NA,NA,NA,NA,NA,NA,NA,NA,NA,NA,NA,NA,NA,NA,NA,NA,NA,NA,NA,NA,NA,NA,NA,NA,NA,NA,NA,NA,NA,NA,NA,NA,NA,NA,NA,NA,NA,NA,NA,NA,NA,NA,NA,NA,NA,NA,NA,NA,NA,NA,NA,NA,NA,NA,NA,NA,NA,NA,NA,NA,NA,NA,NA,NA,NA,NA,NA,NA,NA,NA,NA,NA,NA,NA,NA,NA,NA,NA,NA,NA,NA,NA,NA,NA,NA,NA,NA,NA,NA,NA,NA,NA,NA,NA,NA,NA,NA,NA,NA,university,NA
Northeastern University,44,TRUE,TRUE,NA,Special Topics in Data Visualization: Information Visualization,https://johnguerra.co/classes/data_visualization_spring_2021/,Both,"Computer Science, Data Science","Networks, Interactive Graphics","Tableau, D3.js, Vega-Lite, Microsoft Excel, R, Python",NA,Data Visualization,https://yulunzhang.com/courses/EECE5642/syllabus-Spring2020.html,Grad,Electrical and Computer Engineering,"Spatial Data, High Dimensional, Networks, Interactive Graphics",NA,NA,Information Visualization: Theory and Applications,https://www.ccs.neu.edu/home/borkin/courses/2019Spring/CS7250/,Grad,Computer Science,"Spatial Data, Time Series, High Dimensional, Networks, Interactive Graphics","JavaScript, D3.js, Python (matplotlib), Tableau",NA,Information Presentation and Visualization,https://neu-ds-4200-s22.github.io,Undergrad,Data Science,"Spatial Data, Networks, Interactive Graphics","D3.js, JavaScript, HTML, CSS, Tableau, Altair",NA,Communication and Visualization for Data Analytics,NA,Both,Analytics,None,"R (Shiny), Tableau",NA,Information Visualization Principles and Practices,NA,Grad,Art - Design,None,NA,NA,Visualization Technologies 2: Advanced Practices,NA,Both,Art - Design,Interactive Graphics,"D3.js, JavaScript",NA,Business Information Visualization,NA,Grad,Business Administration,None,Tableau,NA,AI Communication and Visualization,NA,Grad,Institute for Experimental AI,"Spatial Data, Networks","R-spatial, GeoDa, GeoWave, GeoTrellis, GeoMesa",NA,Computation and Visualization for Analytics,https://zhenyuanlu.com/courses/ie6600-vbc-fa22/,Grad,Industrial Engineering,"Spatial Data, Clustering, Time Series,  Interactive Graphics",R (Shiny),NA,Information Visuals and Dashboards for Business,https://wl11gp.neu.edu/udcprod8/bwckctlg.p_disp_course_detail?cat_term_in=202210&subj_code_in=MISM&crse_numb_in=6210,Grad,Management Information Systems,Interactive Graphics,NA,NA,Information Visualization for Business,https://wl11gp.neu.edu/udcprod8/bwckctlg.p_disp_course_detail?cat_term_in=202010&subj_code_in=MISM&crse_numb_in=3501,Undergrad,Management Information Systems,None,None,NA,Information Design and Visual Analytics,https://wl11gp.neu.edu/udcprod8/bwckctlg.p_disp_course_detail?cat_term_in=202030&subj_code_in=INSH&crse_numb_in=5302,Both,Interdisciplinary Studies in Social Sciences and Humanities,None,R,NA,NA,NA,NA,NA,NA,NA,NA,NA,NA,NA,NA,NA,NA,NA,university,NA
University of Georgia,49,FALSE,FALSE,Course Catalog was missing descriptions,NA,NA,NA,NA,NA,NA,NA,NA,NA,NA,NA,NA,NA,NA,NA,NA,NA,NA,NA,NA,NA,NA,NA,NA,NA,NA,NA,NA,NA,NA,NA,NA,NA,NA,NA,NA,NA,NA,NA,NA,NA,NA,NA,NA,NA,NA,NA,NA,NA,NA,NA,NA,NA,NA,NA,NA,NA,NA,NA,NA,NA,NA,NA,NA,NA,NA,NA,NA,NA,NA,NA,NA,NA,NA,NA,NA,NA,NA,NA,NA,NA,NA,NA,NA,NA,NA,NA,NA,NA,NA,NA,NA,NA,NA,NA,NA,NA,NA,NA,NA,NA,NA,NA,NA,NA,university,NA
Ohio State University-Columbus,49,TRUE,TRUE,NA,Introduction to Data Visualization,https://data-analytics.osu.edu/courses/cse/5544,Both,Computer Science and Engineering,None,None,NA,Emerging Trends in Data Visualization,https://ascnet.osu.edu/storage/request_documents/3774/ACCAD%205150%20New%20Course.pdf,Both,Advanced Computing Center for the Arts and Design,None,None,NA,Descriptive Analytics and Visualization,https://files.fisher.osu.edu/public/7331_spring_2019.pdf,Grad,Business Operations and Business Analytics,"Spatial Data, Clustering, High Dimensional, Text Data, Networks, Interactive Graphics",R,NA,NA,NA,NA,NA,NA,NA,NA,NA,NA,NA,NA,NA,NA,NA,NA,NA,NA,NA,NA,NA,NA,NA,NA,NA,NA,NA,NA,NA,NA,NA,NA,NA,NA,NA,NA,NA,NA,NA,NA,NA,NA,NA,NA,NA,NA,NA,NA,NA,NA,NA,NA,NA,NA,NA,NA,NA,NA,NA,NA,NA,NA,NA,NA,NA,NA,NA,NA,NA,NA,NA,NA,NA,NA,NA,NA,NA,NA,NA,NA,NA,NA,NA,NA,NA,university,NA
Lehigh University,51,TRUE,TRUE,NA,Methods in Visual Thinking,https://engineering.lehigh.edu/te/curriculum/integrated-courses,Undergrad,Technical Entrepreneurship,None,None,NA,NA,NA,NA,NA,NA,NA,NA,NA,NA,NA,NA,NA,NA,NA,NA,NA,NA,NA,NA,NA,NA,NA,NA,NA,NA,NA,NA,NA,NA,NA,NA,NA,NA,NA,NA,NA,NA,NA,NA,NA,NA,NA,NA,NA,NA,NA,NA,NA,NA,NA,NA,NA,NA,NA,NA,NA,NA,NA,NA,NA,NA,NA,NA,NA,NA,NA,NA,NA,NA,NA,NA,NA,NA,NA,NA,NA,NA,NA,NA,NA,NA,NA,NA,NA,NA,NA,NA,NA,NA,NA,NA,NA,NA,NA,NA,NA,NA,NA,university,NA
Purdue University,51,TRUE,TRUE,Course Catalog search is done but some pages wouldn't load so I may be missing a course or 2,Introduction to Data Visualization,https://selfservice.mypurdue.purdue.edu/prod/bwckctlg.p_disp_course_detail?cat_term_in=202230&subj_code_in=CS&crse_numb_in=43900,Both,Computer Science,"Time Series, Text Data, Networks, Interactive Graphics",NA,NA,Interactive Data Visualization,https://catalog.purdue.edu/preview_course_nopop.php?catoid=15&coid=159920,Both,Computer Graphics Technology,Interactive Graphics,NA,NA,Introduction to Data Visualization,https://catalog.purdue.edu/preview_course_nopop.php?catoid=15&coid=160213,Undergrad,Computer Graphics Technology,"Spatial Data, Networks",NA,NA,Data Visualization Tools And Applications,https://catalog.purdue.edu/preview_course_nopop.php?catoid=15&coid=160875,Both,Computer Graphics Technology,None,NA,NA,Data Visualization,NA,Both,Management,None,NA,NA,Introduction to Data Visualization,NA,Both,Computer Science,"Spatial Data, Time Series, Text Data, Networks",None,NA,NA,NA,NA,NA,NA,NA,NA,NA,NA,NA,NA,NA,NA,NA,NA,NA,NA,NA,NA,NA,NA,NA,NA,NA,NA,NA,NA,NA,NA,NA,NA,NA,NA,NA,NA,NA,NA,NA,NA,NA,NA,NA,NA,NA,NA,NA,NA,NA,NA,NA,NA,NA,NA,NA,NA,NA,NA,NA,NA,NA,NA,NA,NA,university,NA
Villanova University,51,TRUE,FALSE,NA,NA,NA,NA,NA,NA,NA,NA,NA,NA,NA,NA,NA,NA,NA,NA,NA,NA,NA,NA,NA,NA,NA,NA,NA,NA,NA,NA,NA,NA,NA,NA,NA,NA,NA,NA,NA,NA,NA,NA,NA,NA,NA,NA,NA,NA,NA,NA,NA,NA,NA,NA,NA,NA,NA,NA,NA,NA,NA,NA,NA,NA,NA,NA,NA,NA,NA,NA,NA,NA,NA,NA,NA,NA,NA,NA,NA,NA,NA,NA,NA,NA,NA,NA,NA,NA,NA,NA,NA,NA,NA,NA,NA,NA,NA,NA,NA,NA,NA,NA,NA,NA,NA,NA,NA,NA,university,NA
Rensselaer Polytechnic Institute,51,TRUE,TRUE,NA,Interactive Visualization,https://catalog.rpi.edu/preview_course_nopop.php?catoid=24&coid=53010,Both,Computer Science,None,"C++, OpenGL",NA,NA,NA,NA,NA,NA,NA,NA,NA,NA,NA,NA,NA,NA,NA,NA,NA,NA,NA,NA,NA,NA,NA,NA,NA,NA,NA,NA,NA,NA,NA,NA,NA,NA,NA,NA,NA,NA,NA,NA,NA,NA,NA,NA,NA,NA,NA,NA,NA,NA,NA,NA,NA,NA,NA,NA,NA,NA,NA,NA,NA,NA,NA,NA,NA,NA,NA,NA,NA,NA,NA,NA,NA,NA,NA,NA,NA,NA,NA,NA,NA,NA,NA,NA,NA,NA,NA,NA,NA,NA,NA,NA,NA,NA,NA,NA,NA,NA,NA,university,NA
Pepperdine University,55,FALSE,FALSE,Could only search by department,NA,NA,NA,NA,NA,NA,NA,NA,NA,NA,NA,NA,NA,NA,NA,NA,NA,NA,NA,NA,NA,NA,NA,NA,NA,NA,NA,NA,NA,NA,NA,NA,NA,NA,NA,NA,NA,NA,NA,NA,NA,NA,NA,NA,NA,NA,NA,NA,NA,NA,NA,NA,NA,NA,NA,NA,NA,NA,NA,NA,NA,NA,NA,NA,NA,NA,NA,NA,NA,NA,NA,NA,NA,NA,NA,NA,NA,NA,NA,NA,NA,NA,NA,NA,NA,NA,NA,NA,NA,NA,NA,NA,NA,NA,NA,NA,NA,NA,NA,NA,NA,NA,NA,NA,NA,university,NA
Florida State University,55,TRUE,FALSE,NA,NA,NA,NA,NA,NA,NA,NA,NA,NA,NA,NA,NA,NA,NA,NA,NA,NA,NA,NA,NA,NA,NA,NA,NA,NA,NA,NA,NA,NA,NA,NA,NA,NA,NA,NA,NA,NA,NA,NA,NA,NA,NA,NA,NA,NA,NA,NA,NA,NA,NA,NA,NA,NA,NA,NA,NA,NA,NA,NA,NA,NA,NA,NA,NA,NA,NA,NA,NA,NA,NA,NA,NA,NA,NA,NA,NA,NA,NA,NA,NA,NA,NA,NA,NA,NA,NA,NA,NA,NA,NA,NA,NA,NA,NA,NA,NA,NA,NA,NA,NA,NA,NA,NA,NA,NA,university,NA
Santa Clara University,55,TRUE,TRUE,"Only could find and search S23 catalog (undergrad & grad), no F22",Data Visualization,NA,Grad,Information Systems,None,None,NA,NA,NA,NA,NA,NA,NA,NA,NA,NA,NA,NA,NA,NA,NA,NA,NA,NA,NA,NA,NA,NA,NA,NA,NA,NA,NA,NA,NA,NA,NA,NA,NA,NA,NA,NA,NA,NA,NA,NA,NA,NA,NA,NA,NA,NA,NA,NA,NA,NA,NA,NA,NA,NA,NA,NA,NA,NA,NA,NA,NA,NA,NA,NA,NA,NA,NA,NA,NA,NA,NA,NA,NA,NA,NA,NA,NA,NA,NA,NA,NA,NA,NA,NA,NA,NA,NA,NA,NA,NA,NA,NA,NA,NA,NA,NA,NA,NA,NA,university,NA
University of Miami,55,TRUE,TRUE,NA,Introduction to Infographics and Data Visualization,NA,Both,"Journalism and Media Management, Data Science",None,None,NA,Advanced Infographics and Data Visualization,NA,Both,Journalism and Media Management,Interactive Graphics,NA,NA,Infographics and Data Visualization Studio,NA,Both,Journalism and Media Management,None,None,NA,Dashboard Tools for Visual Analytics,NA,Grad,Management Science,Interactive Graphics,None,NA,NA,NA,NA,NA,NA,NA,NA,NA,NA,NA,NA,NA,NA,NA,NA,NA,NA,NA,NA,NA,NA,NA,NA,NA,NA,NA,NA,NA,NA,NA,NA,NA,NA,NA,NA,NA,NA,NA,NA,NA,NA,NA,NA,NA,NA,NA,NA,NA,NA,NA,NA,NA,NA,NA,NA,NA,NA,NA,NA,NA,NA,NA,NA,NA,NA,NA,NA,NA,NA,NA,NA,NA,NA,NA,NA,NA,NA,university,NA
University of Maryland,55,FALSE,FALSE,22-23 not available,NA,NA,NA,NA,NA,NA,NA,NA,NA,NA,NA,NA,NA,NA,NA,NA,NA,NA,NA,NA,NA,NA,NA,NA,NA,NA,NA,NA,NA,NA,NA,NA,NA,NA,NA,NA,NA,NA,NA,NA,NA,NA,NA,NA,NA,NA,NA,NA,NA,NA,NA,NA,NA,NA,NA,NA,NA,NA,NA,NA,NA,NA,NA,NA,NA,NA,NA,NA,NA,NA,NA,NA,NA,NA,NA,NA,NA,NA,NA,NA,NA,NA,NA,NA,NA,NA,NA,NA,NA,NA,NA,NA,NA,NA,NA,NA,NA,NA,NA,NA,NA,NA,NA,NA,NA,university,NA
University of Washington,55,FALSE,FALSE,Could only search by department,NA,NA,NA,NA,NA,NA,NA,NA,NA,NA,NA,NA,NA,NA,NA,NA,NA,NA,NA,NA,NA,NA,NA,NA,NA,NA,NA,NA,NA,NA,NA,NA,NA,NA,NA,NA,NA,NA,NA,NA,NA,NA,NA,NA,NA,NA,NA,NA,NA,NA,NA,NA,NA,NA,NA,NA,NA,NA,NA,NA,NA,NA,NA,NA,NA,NA,NA,NA,NA,NA,NA,NA,NA,NA,NA,NA,NA,NA,NA,NA,NA,NA,NA,NA,NA,NA,NA,NA,NA,NA,NA,NA,NA,NA,NA,NA,NA,NA,NA,NA,NA,NA,NA,NA,NA,university,NA
Rutgers University-New Brunswick,55,TRUE,TRUE,Could only search by title,Visualizing Information: Storytelling with Data,https://humeco.rutgers.edu/documents/syllabi/2022%20Syllabi/Syllabus%2011%20374%20240.pdf,Undergrad,Environmental Policy Insitutions & Behavior,None,None,NA,Data Analysis and Visualization,"https://myrbs.business.rutgers.edu/sites/default/files/syllabi/544-information-technology/22_544_646.pdf, https://myrbs.business.rutgers.edu/sites/default/files/syllabi/960-statistics/22_960_646.pdf",Grad,"Information Technology, Statistics","High Dimensional, Interactive Graphics",Tableau,NA,NA,NA,NA,NA,NA,NA,NA,NA,NA,NA,NA,NA,NA,NA,NA,NA,NA,NA,NA,NA,NA,NA,NA,NA,NA,NA,NA,NA,NA,NA,NA,NA,NA,NA,NA,NA,NA,NA,NA,NA,NA,NA,NA,NA,NA,NA,NA,NA,NA,NA,NA,NA,NA,NA,NA,NA,NA,NA,NA,NA,NA,NA,NA,NA,NA,NA,NA,NA,NA,NA,NA,NA,NA,NA,NA,NA,NA,NA,NA,NA,NA,NA,NA,NA,NA,NA,NA,NA,NA,NA,NA,university,NA
Syracuse University,62,TRUE,TRUE,NA,Information Visualization,https://answers.syr.edu/display/ischool/IST+719+-+Information+Visualization,Both,Information Studies,None,"R, Adobe Illustrator",NA,Information Graphics,http://coursecatalog.syr.edu/preview_course_nopop.php?catoid=32&coid=217229,Both,Graphic Design,None,None,NA,NA,NA,NA,NA,NA,NA,NA,NA,NA,NA,NA,NA,NA,NA,NA,NA,NA,NA,NA,NA,NA,NA,NA,NA,NA,NA,NA,NA,NA,NA,NA,NA,NA,NA,NA,NA,NA,NA,NA,NA,NA,NA,NA,NA,NA,NA,NA,NA,NA,NA,NA,NA,NA,NA,NA,NA,NA,NA,NA,NA,NA,NA,NA,NA,NA,NA,NA,NA,NA,NA,NA,NA,NA,NA,NA,NA,NA,NA,NA,NA,NA,NA,NA,NA,NA,NA,NA,NA,NA,NA,NA,university,NA
University of Pittsburgh,62,FALSE,FALSE,Course Catalog broken,NA,NA,NA,NA,NA,NA,NA,NA,NA,NA,NA,NA,NA,NA,NA,NA,NA,NA,NA,NA,NA,NA,NA,NA,NA,NA,NA,NA,NA,NA,NA,NA,NA,NA,NA,NA,NA,NA,NA,NA,NA,NA,NA,NA,NA,NA,NA,NA,NA,NA,NA,NA,NA,NA,NA,NA,NA,NA,NA,NA,NA,NA,NA,NA,NA,NA,NA,NA,NA,NA,NA,NA,NA,NA,NA,NA,NA,NA,NA,NA,NA,NA,NA,NA,NA,NA,NA,NA,NA,NA,NA,NA,NA,NA,NA,NA,NA,NA,NA,NA,NA,NA,NA,NA,NA,university,NA
George Washington University,62,TRUE,TRUE,NA,Data Visualization and Sonification,NA,Both,Corcoran Interaction Design,Interactive Graphics,NA,NA,Visualization for Analytics,NA,Grad,Decision Science,None,SAS,NA,Visualization of Complex Data,NA,Grad,Data Science,Clustering,None,NA,Data Visualization,http://www.leahbrooks.org/leahweb/teaching/pppa_dataviz/2023/subpages/syllabus.html,Grad,Public Policy and Public Administration,"Spatial Data, Interactive Graphics",R,NA,Data Visualization,NA,Undergrad,"Professional Studies Integrated Information, Science, and Technology",None,NA,restricted to one major/program,NA,NA,NA,NA,NA,NA,NA,NA,NA,NA,NA,NA,NA,NA,NA,NA,NA,NA,NA,NA,NA,NA,NA,NA,NA,NA,NA,NA,NA,NA,NA,NA,NA,NA,NA,NA,NA,NA,NA,NA,NA,NA,NA,NA,NA,NA,NA,NA,NA,NA,NA,NA,NA,NA,NA,NA,NA,NA,NA,NA,NA,NA,NA,NA,NA,NA,NA,NA,NA,NA,university,NA
University of Minnesota,62,TRUE,TRUE,Course Catalog was 22-24,Data Visualization for the Health Sciences,https://onestop2.umn.edu/pcas/viewCatalogCourse.do?courseId=817405,Both,Health Informatics,None,"R (ggplot), D3.js, Tableau",NA,Data Visualization,https://onestop2.umn.edu/pcas/viewCatalogCourse.do?courseId=819793,Grad,Applied Business Analytics,Interactive Graphics,None,NA,Data Visualization in Plant and Microbial Biology,https://onestop2.umn.edu/pcas/viewCatalogCourse.do?courseId=819020,Both,Plant Pathology,None,None,NA,Data Visualization: Telling Stories with Numbers,http://classinfo.umn.edu/syllabi/dorelien_PA5929_Spring2019.pdf,Both,Public Affairs,Time Series,"Microsoft Excel, R",NA,Understanding Data Stories through Visualization & Computing,http://classinfo.umn.edu/?subject=EPSY&catalog_nbr=1261&term=1193,Undergrad,Educational Psychology,None,None,NA,Interactive Data Visualization for Business Analytics,https://clementjd.github.io/DataVizCourse/,Undergrad,Information and Decision Science,"Statistical Modeling, Time Series, Interactive Graphics","R (tidyverse, ggplot)",NA,NA,NA,NA,NA,NA,NA,NA,NA,NA,NA,NA,NA,NA,NA,NA,NA,NA,NA,NA,NA,NA,NA,NA,NA,NA,NA,NA,NA,NA,NA,NA,NA,NA,NA,NA,NA,NA,NA,NA,NA,NA,NA,NA,NA,NA,NA,NA,NA,NA,NA,NA,NA,NA,NA,NA,NA,NA,NA,NA,NA,NA,NA,NA,university,NA
Virginia Polytechnic Institute and State University,62,TRUE,TRUE,NA,Data Visualization,NA,Undergrad,Statistics,None,None,NA,NA,NA,NA,NA,NA,NA,NA,NA,NA,NA,NA,NA,NA,NA,NA,NA,NA,NA,NA,NA,NA,NA,NA,NA,NA,NA,NA,NA,NA,NA,NA,NA,NA,NA,NA,NA,NA,NA,NA,NA,NA,NA,NA,NA,NA,NA,NA,NA,NA,NA,NA,NA,NA,NA,NA,NA,NA,NA,NA,NA,NA,NA,NA,NA,NA,NA,NA,NA,NA,NA,NA,NA,NA,NA,NA,NA,NA,NA,NA,NA,NA,NA,NA,NA,NA,NA,NA,NA,NA,NA,NA,NA,NA,NA,NA,NA,NA,NA,university,NA
University of Connecticut,67,TRUE,TRUE,NA,Data Visualization,https://online.uconn.edu/courses/course/OPIM/3804/,Undergrad,"Business Administration, Operations and Information Management",None,None,NA,Visual Analytics,https://online.uconn.edu/courses/course/OPIM/5501/,Grad,Operations and Information Management,None,None,NA,Data Visualization and Communication,NA,Grad,Computer Science and Engineering,None,NA,NA,NA,NA,NA,NA,NA,NA,NA,NA,NA,NA,NA,NA,NA,NA,NA,NA,NA,NA,NA,NA,NA,NA,NA,NA,NA,NA,NA,NA,NA,NA,NA,NA,NA,NA,NA,NA,NA,NA,NA,NA,NA,NA,NA,NA,NA,NA,NA,NA,NA,NA,NA,NA,NA,NA,NA,NA,NA,NA,NA,NA,NA,NA,NA,NA,NA,NA,NA,NA,NA,NA,NA,NA,NA,NA,NA,NA,NA,NA,NA,NA,NA,NA,NA,NA,university,NA
Worcester Polytechnic Institute,67,TRUE,TRUE,NA,Biovisualization,https://wpi.cleancatalog.net/bioinformatics-and-computational-biology-computer-science/bcb-4002cs-4802,Both,"Bioinformatics and Computational Biology, Computer Science",Interactive Graphics,NA,NA,Data Visualization,"https://www.wpi.edu/academics/calendar-courses/course-descriptions/3776/computer-science#CS-480X, https://wpi-grad.cleancatalog.net/computer-science/cs-573",Both,Computer Science,None,NA,NA,NA,NA,NA,NA,NA,NA,NA,NA,NA,NA,NA,NA,NA,NA,NA,NA,NA,NA,NA,NA,NA,NA,NA,NA,NA,NA,NA,NA,NA,NA,NA,NA,NA,NA,NA,NA,NA,NA,NA,NA,NA,NA,NA,NA,NA,NA,NA,NA,NA,NA,NA,NA,NA,NA,NA,NA,NA,NA,NA,NA,NA,NA,NA,NA,NA,NA,NA,NA,NA,NA,NA,NA,NA,NA,NA,NA,NA,NA,NA,NA,NA,NA,NA,NA,NA,NA,NA,NA,NA,NA,NA,university,NA
Texas A&M University-College Station,67,FALSE,FALSE,22-23 not available,NA,NA,NA,NA,NA,NA,NA,NA,NA,NA,NA,NA,NA,NA,NA,NA,NA,NA,NA,NA,NA,NA,NA,NA,NA,NA,NA,NA,NA,NA,NA,NA,NA,NA,NA,NA,NA,NA,NA,NA,NA,NA,NA,NA,NA,NA,NA,NA,NA,NA,NA,NA,NA,NA,NA,NA,NA,NA,NA,NA,NA,NA,NA,NA,NA,NA,NA,NA,NA,NA,NA,NA,NA,NA,NA,NA,NA,NA,NA,NA,NA,NA,NA,NA,NA,NA,NA,NA,NA,NA,NA,NA,NA,NA,NA,NA,NA,NA,NA,NA,NA,NA,NA,NA,NA,university,NA
University of Massachusetts-Amherst,67,TRUE,TRUE,NA,Special Topics: Fundamentals of Data Visualization,https://www.umass.edu/honors/class/80010/fundamentals-data-visualization,Undergrad,Mechanical and Industrial Engineering,None,R,NA,Data Visualization,https://people.math.umass.edu/~gorsky/Syllabus_Stat697v_Spring2023_tentative.pdf,Grad,Statistics,Interactive Graphics,R,NA,NA,NA,NA,NA,NA,NA,NA,NA,NA,NA,NA,NA,NA,NA,NA,NA,NA,NA,NA,NA,NA,NA,NA,NA,NA,NA,NA,NA,NA,NA,NA,NA,NA,NA,NA,NA,NA,NA,NA,NA,NA,NA,NA,NA,NA,NA,NA,NA,NA,NA,NA,NA,NA,NA,NA,NA,NA,NA,NA,NA,NA,NA,NA,NA,NA,NA,NA,NA,NA,NA,NA,NA,NA,NA,NA,NA,NA,NA,NA,NA,NA,NA,NA,NA,NA,NA,NA,NA,NA,NA,NA,university,NA
Yeshiva University,67,TRUE,TRUE,NA,Visual Design & Storytelling,NA,Grad,Data Analytics & Visualization,None,Microsoft Excel,NA,NA,NA,NA,NA,NA,NA,NA,NA,NA,NA,NA,NA,NA,NA,NA,NA,NA,NA,NA,NA,NA,NA,NA,NA,NA,NA,NA,NA,NA,NA,NA,NA,NA,NA,NA,NA,NA,NA,NA,NA,NA,NA,NA,NA,NA,NA,NA,NA,NA,NA,NA,NA,NA,NA,NA,NA,NA,NA,NA,NA,NA,NA,NA,NA,NA,NA,NA,NA,NA,NA,NA,NA,NA,NA,NA,NA,NA,NA,NA,NA,NA,NA,NA,NA,NA,NA,NA,NA,NA,NA,NA,NA,NA,NA,NA,NA,NA,NA,university,NA
Fordham University,72,TRUE,TRUE,NA,Data Visualization,NA,Grad,Computer and Info Science,Interactive Graphics,"Tableau, D3.js",NA,Data Visualization,NA,Undergrad,Digital Tech & Emerging Media,None,None,NA,NA,NA,NA,NA,NA,NA,NA,NA,NA,NA,NA,NA,NA,NA,NA,NA,NA,NA,NA,NA,NA,NA,NA,NA,NA,NA,NA,NA,NA,NA,NA,NA,NA,NA,NA,NA,NA,NA,NA,NA,NA,NA,NA,NA,NA,NA,NA,NA,NA,NA,NA,NA,NA,NA,NA,NA,NA,NA,NA,NA,NA,NA,NA,NA,NA,NA,NA,NA,NA,NA,NA,NA,NA,NA,NA,NA,NA,NA,NA,NA,NA,NA,NA,NA,NA,NA,NA,NA,NA,NA,NA,university,NA
Indiana University-Bloomington,72,TRUE,TRUE,Could only search by title,Data Visualization,https://yyahn.com/dviz-course/,Both,"Data Science, Informatics",None,Python,NA,Information Visualization,"https://ivmooc.cns.iu.edu/docs/E483-E583-CourseSyllabus.pdf, https://ivmooc.cns.iu.edu/docs/IVMOOC18-CourseSyllabus.pdf",Both,"Engineering, Information and Library Science","Spatial Data, Networks","OpenRefine, Tableau, Gephi",NA,NA,NA,NA,NA,NA,NA,NA,NA,NA,NA,NA,NA,NA,NA,NA,NA,NA,NA,NA,NA,NA,NA,NA,NA,NA,NA,NA,NA,NA,NA,NA,NA,NA,NA,NA,NA,NA,NA,NA,NA,NA,NA,NA,NA,NA,NA,NA,NA,NA,NA,NA,NA,NA,NA,NA,NA,NA,NA,NA,NA,NA,NA,NA,NA,NA,NA,NA,NA,NA,NA,NA,NA,NA,NA,NA,NA,NA,NA,NA,NA,NA,NA,NA,NA,NA,NA,NA,NA,NA,NA,NA,university,NA
Southern Methodist University,72,TRUE,TRUE,NA,Data Visualization and Communication,https://catalog.smu.edu/preview_course_nopop.php?catoid=57&coid=215914,Grad,Information Technology & Operations Management,None,"Alteryx, Tableau",NA,Infographics,NA,Undergrad,Advertising,None,None,NA,Visualization of Information,https://catalog.smu.edu/preview_course_nopop.php?catoid=60&coid=228858,Grad,Data Science,None,NA,NA,NA,NA,NA,NA,NA,NA,NA,NA,NA,NA,NA,NA,NA,NA,NA,NA,NA,NA,NA,NA,NA,NA,NA,NA,NA,NA,NA,NA,NA,NA,NA,NA,NA,NA,NA,NA,NA,NA,NA,NA,NA,NA,NA,NA,NA,NA,NA,NA,NA,NA,NA,NA,NA,NA,NA,NA,NA,NA,NA,NA,NA,NA,NA,NA,NA,NA,NA,NA,NA,NA,NA,NA,NA,NA,NA,NA,NA,NA,NA,NA,NA,NA,NA,NA,university,NA
American University,72,TRUE,TRUE,NA,Data Visualization and Information Design,https://catalog.american.edu/preview_course_nopop.php?catoid=17&coid=75217,Undergrad,Graphic Design,Spatial Data,None,NA,Introduction to Information Visualization,https://catalog.american.edu/preview_course_nopop.php?catoid=17&coid=75095,Both,Computer Science,Spatial Data,None,NA,NA,NA,NA,NA,NA,NA,NA,NA,NA,NA,NA,NA,NA,NA,NA,NA,NA,NA,NA,NA,NA,NA,NA,NA,NA,NA,NA,NA,NA,NA,NA,NA,NA,NA,NA,NA,NA,NA,NA,NA,NA,NA,NA,NA,NA,NA,NA,NA,NA,NA,NA,NA,NA,NA,NA,NA,NA,NA,NA,NA,NA,NA,NA,NA,NA,NA,NA,NA,NA,NA,NA,NA,NA,NA,NA,NA,NA,NA,NA,NA,NA,NA,NA,NA,NA,NA,NA,NA,NA,NA,NA,university,NA
North Carolina State University,72,TRUE,TRUE,NA,Data Visualization,NA,Undergrad,Data Science,Interactive Graphics,None,NA,NA,NA,NA,NA,NA,NA,NA,NA,NA,NA,NA,NA,NA,NA,NA,NA,NA,NA,NA,NA,NA,NA,NA,NA,NA,NA,NA,NA,NA,NA,NA,NA,NA,NA,NA,NA,NA,NA,NA,NA,NA,NA,NA,NA,NA,NA,NA,NA,NA,NA,NA,NA,NA,NA,NA,NA,NA,NA,NA,NA,NA,NA,NA,NA,NA,NA,NA,NA,NA,NA,NA,NA,NA,NA,NA,NA,NA,NA,NA,NA,NA,NA,NA,NA,NA,NA,NA,NA,NA,NA,NA,NA,NA,NA,NA,NA,NA,NA,university,NA
Pennsylvania State University-University Park,77,TRUE,TRUE,NA,Visualizing Anthropological Data,NA,Grad,Anthropology,None,None,NA,Business Data Visualization for Decision Making,NA,Grad,Business Analytics,None,NA,NA,Visualizing Information,https://gened.psu.edu/sites/default/files/docs/gd_115n.pdf,Undergrad,Graphic Design,Spatial Data,None,NA,Data Visualization,NA,Grad,Data Analytics,"Spatial Data, High Dimensional, Text Data, Networks",NA,"Gephi, ManyEyes, Microsoft Excel, Science of Science (Sci2), Pajek, Lattix, R, Cfinder, MapEquation, NodeXL, Gapminder",Data Visualization,NA,Undergrad,Digital Media + Arts + and Technology,Interactive Graphics,NA,NA,NA,NA,NA,NA,NA,NA,NA,NA,NA,NA,NA,NA,NA,NA,NA,NA,NA,NA,NA,NA,NA,NA,NA,NA,NA,NA,NA,NA,NA,NA,NA,NA,NA,NA,NA,NA,NA,NA,NA,NA,NA,NA,NA,NA,NA,NA,NA,NA,NA,NA,NA,NA,NA,NA,NA,NA,NA,NA,NA,NA,NA,NA,NA,NA,NA,NA,NA,NA,NA,NA,university,NA
Baylor University,77,TRUE,TRUE,NA,Data Visualization,NA,Grad,Computer Science,None,None,NA,Data Visualization,NA,Undergrad,Data Science,None,None,NA,Data Visualization with Tableau,NA,Undergrad,Global Engagement,None,Tableau,NA,Fund of Data Visualization,NA,Undergrad,Management Info Systems,None,None,Only open to BBA students,Seminar in Data Visualization,NA,Grad,Management Info Systems,None,None,NA,NA,NA,NA,NA,NA,NA,NA,NA,NA,NA,NA,NA,NA,NA,NA,NA,NA,NA,NA,NA,NA,NA,NA,NA,NA,NA,NA,NA,NA,NA,NA,NA,NA,NA,NA,NA,NA,NA,NA,NA,NA,NA,NA,NA,NA,NA,NA,NA,NA,NA,NA,NA,NA,NA,NA,NA,NA,NA,NA,NA,NA,NA,NA,NA,NA,NA,NA,NA,NA,NA,university,NA
Clemson University,77,TRUE,TRUE,NA,Data Visualization,https://catalog.clemson.edu/preview_course_nopop.php?catoid=35&coid=151242,Both,Computer Science,None,None,NA,NA,NA,NA,NA,NA,NA,NA,NA,NA,NA,NA,NA,NA,NA,NA,NA,NA,NA,NA,NA,NA,NA,NA,NA,NA,NA,NA,NA,NA,NA,NA,NA,NA,NA,NA,NA,NA,NA,NA,NA,NA,NA,NA,NA,NA,NA,NA,NA,NA,NA,NA,NA,NA,NA,NA,NA,NA,NA,NA,NA,NA,NA,NA,NA,NA,NA,NA,NA,NA,NA,NA,NA,NA,NA,NA,NA,NA,NA,NA,NA,NA,NA,NA,NA,NA,NA,NA,NA,NA,NA,NA,NA,NA,NA,NA,NA,NA,NA,university,NA
Loyola Marymount University,77,TRUE,TRUE,NA,Data Visualization fo Journalism,https://bulletin.lmu.edu/preview_course_nopop.php?catoid=15&coid=63183,Undergrad,Journalism,None,None,5 week course,Data Visualization and GIS,https://bulletin.lmu.edu/preview_course_nopop.php?catoid=15&coid=63359,Undergrad,Information Systems and Business Analytics,Spatial Data,NA,NA,Data Visualization and Geographic Information Systems,https://bulletin.lmu.edu/preview_course_nopop.php?catoid=15&coid=62672,Grad,Business Analytics,"Spatial Data, Interactive Graphics",None,NA,NA,NA,NA,NA,NA,NA,NA,NA,NA,NA,NA,NA,NA,NA,NA,NA,NA,NA,NA,NA,NA,NA,NA,NA,NA,NA,NA,NA,NA,NA,NA,NA,NA,NA,NA,NA,NA,NA,NA,NA,NA,NA,NA,NA,NA,NA,NA,NA,NA,NA,NA,NA,NA,NA,NA,NA,NA,NA,NA,NA,NA,NA,NA,NA,NA,NA,NA,NA,NA,NA,NA,NA,NA,NA,NA,NA,NA,NA,NA,NA,NA,NA,NA,NA,university,NA
Michigan State University,77,TRUE,TRUE,NA,Data Visualization Principles and Techniques,https://docs.google.com/document/u/1/d/e/2PACX-1vRr8xymLONaAJEk0Hf5gDKp8J0ptIgbKzVWCn6JwEbS_P9I_t8XEYoLpXr-lDGJBe6H3XY-YFA6DpC9/pub,Undergrad,Computational Mathematics Science and Engineering,"Spatial Data, Networks","Python, GitHub",NA,NA,NA,NA,NA,NA,NA,NA,NA,NA,NA,NA,NA,NA,NA,NA,NA,NA,NA,NA,NA,NA,NA,NA,NA,NA,NA,NA,NA,NA,NA,NA,NA,NA,NA,NA,NA,NA,NA,NA,NA,NA,NA,NA,NA,NA,NA,NA,NA,NA,NA,NA,NA,NA,NA,NA,NA,NA,NA,NA,NA,NA,NA,NA,NA,NA,NA,NA,NA,NA,NA,NA,NA,NA,NA,NA,NA,NA,NA,NA,NA,NA,NA,NA,NA,NA,NA,NA,NA,NA,NA,NA,NA,NA,NA,NA,NA,NA,NA,university,NA
Stony Brook University,77,TRUE,TRUE,NA,Introduction to Visualization,"https://www3.cs.stonybrook.edu/~mueller/teaching/cse332/, https://www.cs.stonybrook.edu/students/Undergraduate-Studies/courses/ISE332",Undergrad,"Computer Science, Information Systems","Spatial Data, Clustering, Time Series, High Dimensional, Interactive Graphics","Python, D3.js, ImageVis3D",NA,Healthcare Data Visualization,NA,Grad,Applied Health Informatics,Text Data,Tableau,NA,Visualization,https://www3.cs.stonybrook.edu/~mueller/teaching/cse564/,Grad,Computer Science,"Spatial Data, Clustering, Time Series, High Dimensional, Interactive Graphics",NA,"JavaScript, D3.js, ImageVis3D",NA,NA,NA,NA,NA,NA,NA,NA,NA,NA,NA,NA,NA,NA,NA,NA,NA,NA,NA,NA,NA,NA,NA,NA,NA,NA,NA,NA,NA,NA,NA,NA,NA,NA,NA,NA,NA,NA,NA,NA,NA,NA,NA,NA,NA,NA,NA,NA,NA,NA,NA,NA,NA,NA,NA,NA,NA,NA,NA,NA,NA,NA,NA,NA,NA,NA,NA,NA,NA,NA,NA,NA,NA,NA,NA,NA,NA,NA,NA,NA,NA,NA,NA,NA,university,NA
Gonzaga University,83,FALSE,FALSE,Could only search by department,NA,NA,NA,NA,NA,NA,NA,NA,NA,NA,NA,NA,NA,NA,NA,NA,NA,NA,NA,NA,NA,NA,NA,NA,NA,NA,NA,NA,NA,NA,NA,NA,NA,NA,NA,NA,NA,NA,NA,NA,NA,NA,NA,NA,NA,NA,NA,NA,NA,NA,NA,NA,NA,NA,NA,NA,NA,NA,NA,NA,NA,NA,NA,NA,NA,NA,NA,NA,NA,NA,NA,NA,NA,NA,NA,NA,NA,NA,NA,NA,NA,NA,NA,NA,NA,NA,NA,NA,NA,NA,NA,NA,NA,NA,NA,NA,NA,NA,NA,NA,NA,NA,NA,NA,NA,university,NA
Binghamton University,83,FALSE,FALSE,Search by Course Title + Catalog is broken,NA,NA,NA,NA,NA,NA,NA,NA,NA,NA,NA,NA,NA,NA,NA,NA,NA,NA,NA,NA,NA,NA,NA,NA,NA,NA,NA,NA,NA,NA,NA,NA,NA,NA,NA,NA,NA,NA,NA,NA,NA,NA,NA,NA,NA,NA,NA,NA,NA,NA,NA,NA,NA,NA,NA,NA,NA,NA,NA,NA,NA,NA,NA,NA,NA,NA,NA,NA,NA,NA,NA,NA,NA,NA,NA,NA,NA,NA,NA,NA,NA,NA,NA,NA,NA,NA,NA,NA,NA,NA,NA,NA,NA,NA,NA,NA,NA,NA,NA,NA,NA,NA,NA,NA,NA,university,NA
Marquette University,83,FALSE,FALSE,22-23 not available,NA,NA,NA,NA,NA,NA,NA,NA,NA,NA,NA,NA,NA,NA,NA,NA,NA,NA,NA,NA,NA,NA,NA,NA,NA,NA,NA,NA,NA,NA,NA,NA,NA,NA,NA,NA,NA,NA,NA,NA,NA,NA,NA,NA,NA,NA,NA,NA,NA,NA,NA,NA,NA,NA,NA,NA,NA,NA,NA,NA,NA,NA,NA,NA,NA,NA,NA,NA,NA,NA,NA,NA,NA,NA,NA,NA,NA,NA,NA,NA,NA,NA,NA,NA,NA,NA,NA,NA,NA,NA,NA,NA,NA,NA,NA,NA,NA,NA,NA,NA,NA,NA,NA,NA,NA,university,NA
Stevens Institute of Technology,83,TRUE,TRUE,NA,Visualizing Society,https://stevens.smartcatalogiq.com/2022-2023/academic-catalog/courses/hst-humanities-science-and-technology-studies/300/hst-325/,Undergrad,Humanities Science and Techonolgy Studies,Interactive Graphics,NA,NA,Data Analysis and Visual Techniques,https://stevens.smartcatalogiq.com/2022-2023/academic-catalog/courses/ise-industrial-and-systems-engineering/400/ise-422/,Undergrad,Industrial and Systems Engineering,"Spatial data, Text Data, Interactive Graphics",None,NA,Data Visualization Application,https://stevens.smartcatalogiq.com/2022-2023/academic-catalog/courses/fe-financial-engineering/500/fe-550/,Both,"Financial Analytics, Financial Engineering",Interactive Graphics,"R, Ruby on Rails, ManyEyes, HTML, CSS, D3.js, Google Chart Tools, Google Refine",NA,Visual Analytics,https://stevens.smartcatalogiq.com/2022-2023/academic-catalog/courses/cs-computer-science/500/cs-538/,Both,Computer Science,"Time Series, Interactive Graphics",NA,NA,Designing with Data,https://iq3.smartcatalogiq.com/en/Catalogs/Stevens-Institution-of-Technology/2021-2022/Academic-Catalog/Courses/HAR-Humanities-Art/200/HAR-250,Undergrad,Humanities Art,None,NA,NA,Decision Making via Data Analysis Techniques,https://stevens.smartcatalogiq.com/2022-2023/academic-catalog/courses/sys-systems-engineering/600/sys-622/,Grad,"Systems Engineering, Engineering Management",Interactive Graphics,"R, D3.js, Google refine, Spot fire",NA,NA,NA,NA,NA,NA,NA,NA,NA,NA,NA,NA,NA,NA,NA,NA,NA,NA,NA,NA,NA,NA,NA,NA,NA,NA,NA,NA,NA,NA,NA,NA,NA,NA,NA,NA,NA,NA,NA,NA,NA,NA,NA,NA,NA,NA,NA,NA,NA,NA,NA,NA,NA,NA,NA,NA,NA,NA,NA,NA,NA,NA,NA,NA,university,NA
University of Iowa,83,TRUE,TRUE,NA,Information Visualization,https://myui.uiowa.edu/my-ui/courses/details.page?ci=172517&id=971650,Both,Business Analytics,"Time Series, High Dimensional","PowerBI, Tableau",NA,Data Visualization and Data Technologies,https://myui.uiowa.edu/my-ui/courses/details.page?ci=170510&id=982403,Both,Informatics,None,NA,NA,Information and Data Visualization,https://myui.uiowa.edu/my-ui/courses/details.page?ci=169946&id=988082,Undergrad,Journalism and Mass Communication,None,None,NA,"Problems in Methods: Data Visualization (Undergrad), Topics in Methodology: Data Visualization (Grad)","https://myui.uiowa.edu/my-ui/courses/details.page?ci=169283&id=990558, https://myui.uiowa.edu/my-ui/courses/details.page?ci=151893&id=983833",Undergrad,Political Science,Networks,None,NA,NA,NA,NA,NA,NA,NA,NA,NA,NA,NA,NA,NA,NA,NA,NA,NA,NA,NA,NA,NA,NA,NA,NA,NA,NA,NA,NA,NA,NA,NA,NA,NA,NA,NA,NA,NA,NA,NA,NA,NA,NA,NA,NA,NA,NA,NA,NA,NA,NA,NA,NA,NA,NA,NA,NA,NA,NA,NA,NA,NA,NA,NA,NA,NA,NA,NA,NA,NA,NA,NA,NA,NA,NA,NA,NA,NA,NA,university,NA
University of California-Santa Cruz,83,TRUE,TRUE,NA,Data Visualization,https://ucsc.smartcatalogiq.com/current/General-Catalog/Courses/STAT-Statistics/Lower-Division/STAT-80B,Undergrad,Statistics,"Networks, Text Data",NA,NA,Applied Visualization and Analysis of Scientific Data,https://ucsc.smartcatalogiq.com/current/General-Catalog/Courses/BME-Biomolecular-Engineering/200/BME-263,Both,Biomolecular Enginneering,None,"Python (Numpy, Scipy, Matplotlib), Inkscape",NA,NA,NA,NA,NA,NA,NA,NA,NA,NA,NA,NA,NA,NA,NA,NA,NA,NA,NA,NA,NA,NA,NA,NA,NA,NA,NA,NA,NA,NA,NA,NA,NA,NA,NA,NA,NA,NA,NA,NA,NA,NA,NA,NA,NA,NA,NA,NA,NA,NA,NA,NA,NA,NA,NA,NA,NA,NA,NA,NA,NA,NA,NA,NA,NA,NA,NA,NA,NA,NA,NA,NA,NA,NA,NA,NA,NA,NA,NA,NA,NA,NA,NA,NA,NA,NA,NA,NA,NA,NA,NA,NA,university,NA
Brigham Young University,89,TRUE,TRUE,Only could find and search undergrad catalog (both sems),Data Visualization,https://brightspotcdn.byu.edu/13/7a/7530fc51491093392b086b43489b/301-goodliffe-w19.pdf,Undergrad,Political Science,"Hypothesis Testing, Spatial Data, Time Series, Interactive Graphics",R (Shiny),NA,NA,NA,NA,NA,NA,NA,NA,NA,NA,NA,NA,NA,NA,NA,NA,NA,NA,NA,NA,NA,NA,NA,NA,NA,NA,NA,NA,NA,NA,NA,NA,NA,NA,NA,NA,NA,NA,NA,NA,NA,NA,NA,NA,NA,NA,NA,NA,NA,NA,NA,NA,NA,NA,NA,NA,NA,NA,NA,NA,NA,NA,NA,NA,NA,NA,NA,NA,NA,NA,NA,NA,NA,NA,NA,NA,NA,NA,NA,NA,NA,NA,NA,NA,NA,NA,NA,NA,NA,NA,NA,NA,NA,NA,NA,NA,NA,NA,NA,university,NA
Colorado School of Mines,89,TRUE,FALSE,NA,NA,NA,NA,NA,NA,NA,NA,NA,NA,NA,NA,NA,NA,NA,NA,NA,NA,NA,NA,NA,NA,NA,NA,NA,NA,NA,NA,NA,NA,NA,NA,NA,NA,NA,NA,NA,NA,NA,NA,NA,NA,NA,NA,NA,NA,NA,NA,NA,NA,NA,NA,NA,NA,NA,NA,NA,NA,NA,NA,NA,NA,NA,NA,NA,NA,NA,NA,NA,NA,NA,NA,NA,NA,NA,NA,NA,NA,NA,NA,NA,NA,NA,NA,NA,NA,NA,NA,NA,NA,NA,NA,NA,NA,NA,NA,NA,NA,NA,NA,NA,NA,NA,NA,NA,NA,university,NA
Elon University,89,TRUE,FALSE,NA,NA,NA,NA,NA,NA,NA,NA,NA,NA,NA,NA,NA,NA,NA,NA,NA,NA,NA,NA,NA,NA,NA,NA,NA,NA,NA,NA,NA,NA,NA,NA,NA,NA,NA,NA,NA,NA,NA,NA,NA,NA,NA,NA,NA,NA,NA,NA,NA,NA,NA,NA,NA,NA,NA,NA,NA,NA,NA,NA,NA,NA,NA,NA,NA,NA,NA,NA,NA,NA,NA,NA,NA,NA,NA,NA,NA,NA,NA,NA,NA,NA,NA,NA,NA,NA,NA,NA,NA,NA,NA,NA,NA,NA,NA,NA,NA,NA,NA,NA,NA,NA,NA,NA,NA,NA,university,NA
Howard University,89,TRUE,FALSE,NA,NA,NA,NA,NA,NA,NA,NA,NA,NA,NA,NA,NA,NA,NA,NA,NA,NA,NA,NA,NA,NA,NA,NA,NA,NA,NA,NA,NA,NA,NA,NA,NA,NA,NA,NA,NA,NA,NA,NA,NA,NA,NA,NA,NA,NA,NA,NA,NA,NA,NA,NA,NA,NA,NA,NA,NA,NA,NA,NA,NA,NA,NA,NA,NA,NA,NA,NA,NA,NA,NA,NA,NA,NA,NA,NA,NA,NA,NA,NA,NA,NA,NA,NA,NA,NA,NA,NA,NA,NA,NA,NA,NA,NA,NA,NA,NA,NA,NA,NA,NA,NA,NA,NA,NA,NA,university,NA
Texas Christian University,89,TRUE,TRUE,NA,Data Visualization,http://tcu.smartcatalogiq.com/2022-2023/Graduate-Catalog/Courses/INSC-Info-Systems-Supply-Chain/60000/INSC-60070,Grad,Information Systems and Supply Chain Management,Interactive Graphics,Tableau,NA,NA,NA,NA,NA,NA,NA,NA,NA,NA,NA,NA,NA,NA,NA,NA,NA,NA,NA,NA,NA,NA,NA,NA,NA,NA,NA,NA,NA,NA,NA,NA,NA,NA,NA,NA,NA,NA,NA,NA,NA,NA,NA,NA,NA,NA,NA,NA,NA,NA,NA,NA,NA,NA,NA,NA,NA,NA,NA,NA,NA,NA,NA,NA,NA,NA,NA,NA,NA,NA,NA,NA,NA,NA,NA,NA,NA,NA,NA,NA,NA,NA,NA,NA,NA,NA,NA,NA,NA,NA,NA,NA,NA,NA,NA,NA,NA,NA,NA,university,NA
University of California-Riverside,89,TRUE,TRUE,NA,Application of Visualization in Science,https://msol.engr.ucr.edu/courses/phys244,Grad,Physics and Astronomy,Interactive Graphics,None,NA,NA,NA,NA,NA,NA,NA,NA,NA,NA,NA,NA,NA,NA,NA,NA,NA,NA,NA,NA,NA,NA,NA,NA,NA,NA,NA,NA,NA,NA,NA,NA,NA,NA,NA,NA,NA,NA,NA,NA,NA,NA,NA,NA,NA,NA,NA,NA,NA,NA,NA,NA,NA,NA,NA,NA,NA,NA,NA,NA,NA,NA,NA,NA,NA,NA,NA,NA,NA,NA,NA,NA,NA,NA,NA,NA,NA,NA,NA,NA,NA,NA,NA,NA,NA,NA,NA,NA,NA,NA,NA,NA,NA,NA,NA,NA,NA,NA,NA,university,NA
University of Buffalo,89,FALSE,FALSE,Could only search by department,NA,NA,NA,NA,NA,NA,NA,NA,NA,NA,NA,NA,NA,NA,NA,NA,NA,NA,NA,NA,NA,NA,NA,NA,NA,NA,NA,NA,NA,NA,NA,NA,NA,NA,NA,NA,NA,NA,NA,NA,NA,NA,NA,NA,NA,NA,NA,NA,NA,NA,NA,NA,NA,NA,NA,NA,NA,NA,NA,NA,NA,NA,NA,NA,NA,NA,NA,NA,NA,NA,NA,NA,NA,NA,NA,NA,NA,NA,NA,NA,NA,NA,NA,NA,NA,NA,NA,NA,NA,NA,NA,NA,NA,NA,NA,NA,NA,NA,NA,NA,NA,NA,NA,NA,NA,university,NA
University of Delaware,89,TRUE,TRUE,NA,Analyzing Epidemiologic Data Using R,https://catalog.udel.edu/preview_course_nopop.php?catoid=64&coid=396773,Grad,Epidemiology,None,R,NA,NA,NA,NA,NA,NA,NA,NA,NA,NA,NA,NA,NA,NA,NA,NA,NA,NA,NA,NA,NA,NA,NA,NA,NA,NA,NA,NA,NA,NA,NA,NA,NA,NA,NA,NA,NA,NA,NA,NA,NA,NA,NA,NA,NA,NA,NA,NA,NA,NA,NA,NA,NA,NA,NA,NA,NA,NA,NA,NA,NA,NA,NA,NA,NA,NA,NA,NA,NA,NA,NA,NA,NA,NA,NA,NA,NA,NA,NA,NA,NA,NA,NA,NA,NA,NA,NA,NA,NA,NA,NA,NA,NA,NA,NA,NA,NA,NA,NA,university,NA
University of California-Merced,97,TRUE,FALSE,NA,NA,NA,NA,NA,NA,NA,NA,NA,NA,NA,NA,NA,NA,NA,NA,NA,NA,NA,NA,NA,NA,NA,NA,NA,NA,NA,NA,NA,NA,NA,NA,NA,NA,NA,NA,NA,NA,NA,NA,NA,NA,NA,NA,NA,NA,NA,NA,NA,NA,NA,NA,NA,NA,NA,NA,NA,NA,NA,NA,NA,NA,NA,NA,NA,NA,NA,NA,NA,NA,NA,NA,NA,NA,NA,NA,NA,NA,NA,NA,NA,NA,NA,NA,NA,NA,NA,NA,NA,NA,NA,NA,NA,NA,NA,NA,NA,NA,NA,NA,NA,NA,NA,NA,NA,NA,university,NA
University of San Diego,97,TRUE,FALSE,NA,NA,NA,NA,NA,NA,NA,NA,NA,NA,NA,NA,NA,NA,NA,NA,NA,NA,NA,NA,NA,NA,NA,NA,NA,NA,NA,NA,NA,NA,NA,NA,NA,NA,NA,NA,NA,NA,NA,NA,NA,NA,NA,NA,NA,NA,NA,NA,NA,NA,NA,NA,NA,NA,NA,NA,NA,NA,NA,NA,NA,NA,NA,NA,NA,NA,NA,NA,NA,NA,NA,NA,NA,NA,NA,NA,NA,NA,NA,NA,NA,NA,NA,NA,NA,NA,NA,NA,NA,NA,NA,NA,NA,NA,NA,NA,NA,NA,NA,NA,NA,NA,NA,NA,NA,NA,university,NA
Auburn University,97,TRUE,TRUE,NA,Data Visualization,NA,Grad,Business Analytics,None,None,NA,NA,NA,NA,NA,NA,NA,NA,NA,NA,NA,NA,NA,NA,NA,NA,NA,NA,NA,NA,NA,NA,NA,NA,NA,NA,NA,NA,NA,NA,NA,NA,NA,NA,NA,NA,NA,NA,NA,NA,NA,NA,NA,NA,NA,NA,NA,NA,NA,NA,NA,NA,NA,NA,NA,NA,NA,NA,NA,NA,NA,NA,NA,NA,NA,NA,NA,NA,NA,NA,NA,NA,NA,NA,NA,NA,NA,NA,NA,NA,NA,NA,NA,NA,NA,NA,NA,NA,NA,NA,NA,NA,NA,NA,NA,NA,NA,NA,NA,university,NA
University of Colorado-Boulder,97,TRUE,TRUE,NA,Information Visualization,https://www.colorado.edu/cs/cspb-4122-information-visualization,Undergrad,Computer Science,"Text Data, Networks, Interactive Graphics",NA,Class offered for CS and CS Post-Baccalaureate programs,Information Visualization,https://www.colorado.edu/cs/info-4602-5602-information-visualization,Both,Information Science,Interactive Graphics,D3.js,NA,Fundamentals of Data Visualization,https://www.colorado.edu/program/data-science/coursera/curriculum/dtsa5304,Grad,Data Science,Interactive Graphics,Python (Altair),4 week course,NA,NA,NA,NA,NA,NA,NA,NA,NA,NA,NA,NA,NA,NA,NA,NA,NA,NA,NA,NA,NA,NA,NA,NA,NA,NA,NA,NA,NA,NA,NA,NA,NA,NA,NA,NA,NA,NA,NA,NA,NA,NA,NA,NA,NA,NA,NA,NA,NA,NA,NA,NA,NA,NA,NA,NA,NA,NA,NA,NA,NA,NA,NA,NA,NA,NA,NA,NA,NA,NA,NA,NA,NA,NA,NA,NA,NA,NA,NA,NA,NA,NA,NA,NA,university,NA
Clark University,97,TRUE,TRUE,NA,Data Visualization and Exploration for the Biosciences in the Tidyverse,NA,Both,Biology,None,R (tidyverse),NA,NA,NA,NA,NA,NA,NA,NA,NA,NA,NA,NA,NA,NA,NA,NA,NA,NA,NA,NA,NA,NA,NA,NA,NA,NA,NA,NA,NA,NA,NA,NA,NA,NA,NA,NA,NA,NA,NA,NA,NA,NA,NA,NA,NA,NA,NA,NA,NA,NA,NA,NA,NA,NA,NA,NA,NA,NA,NA,NA,NA,NA,NA,NA,NA,NA,NA,NA,NA,NA,NA,NA,NA,NA,NA,NA,NA,NA,NA,NA,NA,NA,NA,NA,NA,NA,NA,NA,NA,NA,NA,NA,NA,NA,NA,NA,NA,NA,NA,university,NA
New Jersey Institute of Technology,97,TRUE,TRUE,NA,Data Visualization,NA,Undergrad,Computer Science,None,"Tableau, Python",NA,Data Visualization and Interpretation,https://digitalcommons.njit.edu/cgi/viewcontent.cgi?article=1011&context=info-syllabi,Grad,"Data Science, Information Systems","High Dimensional, Interactive Graphics","Python, JavaScript, Tablea, D3.js",NA,NA,NA,NA,NA,NA,NA,NA,NA,NA,NA,NA,NA,NA,NA,NA,NA,NA,NA,NA,NA,NA,NA,NA,NA,NA,NA,NA,NA,NA,NA,NA,NA,NA,NA,NA,NA,NA,NA,NA,NA,NA,NA,NA,NA,NA,NA,NA,NA,NA,NA,NA,NA,NA,NA,NA,NA,NA,NA,NA,NA,NA,NA,NA,NA,NA,NA,NA,NA,NA,NA,NA,NA,NA,NA,NA,NA,NA,NA,NA,NA,NA,NA,NA,NA,NA,NA,NA,NA,NA,NA,NA,university,NA
University of Illinois-Chicago,97,FALSE,FALSE,"Course Catalog was 21-23 (undergrad), Course Catalog search was faulty",NA,NA,NA,NA,NA,NA,NA,NA,NA,NA,NA,NA,NA,NA,NA,NA,NA,NA,NA,NA,NA,NA,NA,NA,NA,NA,NA,NA,NA,NA,NA,NA,NA,NA,NA,NA,NA,NA,NA,NA,NA,NA,NA,NA,NA,NA,NA,NA,NA,NA,NA,NA,NA,NA,NA,NA,NA,NA,NA,NA,NA,NA,NA,NA,NA,NA,NA,NA,NA,NA,NA,NA,NA,NA,NA,NA,NA,NA,NA,NA,NA,NA,NA,NA,NA,NA,NA,NA,NA,NA,NA,NA,NA,NA,NA,NA,NA,NA,NA,NA,NA,NA,NA,NA,NA,university,NA
University of South Florida,97,TRUE,TRUE,NA,Interactive Data Visualization,https://cspaul.com/wordpress/cap-4744-5745-interactive-data-visualization/,Both,Computer Science and Engineering,Interactive Graphics,None,NA,Data Visualization in Education,https://catalog.usf.edu/preview_course_nopop.php?catoid=9&coid=28081,Grad,Educational and Psychological Studies,Interactive Graphics,None,NA,Health Data Visualization,https://catalog.usf.edu/preview_course_nopop.php?catoid=9&coid=28446,Grad,Medical Sciences,None,None,NA,Data Visualization,https://catalog.usf.edu/preview_course_nopop.php?catoid=12&coid=42831,Grad,Information Systems and Management,None,None,NA,NA,NA,NA,NA,NA,NA,NA,NA,NA,NA,NA,NA,NA,NA,NA,NA,NA,NA,NA,NA,NA,NA,NA,NA,NA,NA,NA,NA,NA,NA,NA,NA,NA,NA,NA,NA,NA,NA,NA,NA,NA,NA,NA,NA,NA,NA,NA,NA,NA,NA,NA,NA,NA,NA,NA,NA,NA,NA,NA,NA,NA,NA,NA,NA,NA,NA,NA,NA,NA,NA,NA,NA,NA,NA,NA,NA,NA,university,NA
Williams College,1,TRUE,FALSE,NA,NA,NA,NA,NA,NA,NA,NA,NA,NA,NA,NA,NA,NA,NA,NA,NA,NA,NA,NA,NA,NA,NA,NA,NA,NA,NA,NA,NA,NA,NA,NA,NA,NA,NA,NA,NA,NA,NA,NA,NA,NA,NA,NA,NA,NA,NA,NA,NA,NA,NA,NA,NA,NA,NA,NA,NA,NA,NA,NA,NA,NA,NA,NA,NA,NA,NA,NA,NA,NA,NA,NA,NA,NA,NA,NA,NA,NA,NA,NA,NA,NA,NA,NA,NA,NA,NA,NA,NA,NA,NA,NA,NA,NA,NA,NA,NA,NA,NA,NA,NA,NA,NA,NA,NA,NA,liberal_arts,NA
Amherst College,2,FALSE,FALSE,Could only search by department,NA,NA,NA,NA,NA,NA,NA,NA,NA,NA,NA,NA,NA,NA,NA,NA,NA,NA,NA,NA,NA,NA,NA,NA,NA,NA,NA,NA,NA,NA,NA,NA,NA,NA,NA,NA,NA,NA,NA,NA,NA,NA,NA,NA,NA,NA,NA,NA,NA,NA,NA,NA,NA,NA,NA,NA,NA,NA,NA,NA,NA,NA,NA,NA,NA,NA,NA,NA,NA,NA,NA,NA,NA,NA,NA,NA,NA,NA,NA,NA,NA,NA,NA,NA,NA,NA,NA,NA,NA,NA,NA,NA,NA,NA,NA,NA,NA,NA,NA,NA,NA,NA,NA,NA,NA,liberal_arts,NA
Pomona College,3,TRUE,FALSE,NA,NA,NA,NA,NA,NA,NA,NA,NA,NA,NA,NA,NA,NA,NA,NA,NA,NA,NA,NA,NA,NA,NA,NA,NA,NA,NA,NA,NA,NA,NA,NA,NA,NA,NA,NA,NA,NA,NA,NA,NA,NA,NA,NA,NA,NA,NA,NA,NA,NA,NA,NA,NA,NA,NA,NA,NA,NA,NA,NA,NA,NA,NA,NA,NA,NA,NA,NA,NA,NA,NA,NA,NA,NA,NA,NA,NA,NA,NA,NA,NA,NA,NA,NA,NA,NA,NA,NA,NA,NA,NA,NA,NA,NA,NA,NA,NA,NA,NA,NA,NA,NA,NA,NA,NA,NA,liberal_arts,NA
Swarthmore College,4,TRUE,FALSE,NA,NA,NA,NA,NA,NA,NA,NA,NA,NA,NA,NA,NA,NA,NA,NA,NA,NA,NA,NA,NA,NA,NA,NA,NA,NA,NA,NA,NA,NA,NA,NA,NA,NA,NA,NA,NA,NA,NA,NA,NA,NA,NA,NA,NA,NA,NA,NA,NA,NA,NA,NA,NA,NA,NA,NA,NA,NA,NA,NA,NA,NA,NA,NA,NA,NA,NA,NA,NA,NA,NA,NA,NA,NA,NA,NA,NA,NA,NA,NA,NA,NA,NA,NA,NA,NA,NA,NA,NA,NA,NA,NA,NA,NA,NA,NA,NA,NA,NA,NA,NA,NA,NA,NA,NA,NA,liberal_arts,NA
Wellesley College,5,TRUE,FALSE,NA,NA,NA,NA,NA,NA,NA,NA,NA,NA,NA,NA,NA,NA,NA,NA,NA,NA,NA,NA,NA,NA,NA,NA,NA,NA,NA,NA,NA,NA,NA,NA,NA,NA,NA,NA,NA,NA,NA,NA,NA,NA,NA,NA,NA,NA,NA,NA,NA,NA,NA,NA,NA,NA,NA,NA,NA,NA,NA,NA,NA,NA,NA,NA,NA,NA,NA,NA,NA,NA,NA,NA,NA,NA,NA,NA,NA,NA,NA,NA,NA,NA,NA,NA,NA,NA,NA,NA,NA,NA,NA,NA,NA,NA,NA,NA,NA,NA,NA,NA,NA,NA,NA,NA,NA,NA,liberal_arts,NA
Bowdoin College,6,TRUE,FALSE,NA,NA,NA,NA,NA,NA,NA,NA,NA,NA,NA,NA,NA,NA,NA,NA,NA,NA,NA,NA,NA,NA,NA,NA,NA,NA,NA,NA,NA,NA,NA,NA,NA,NA,NA,NA,NA,NA,NA,NA,NA,NA,NA,NA,NA,NA,NA,NA,NA,NA,NA,NA,NA,NA,NA,NA,NA,NA,NA,NA,NA,NA,NA,NA,NA,NA,NA,NA,NA,NA,NA,NA,NA,NA,NA,NA,NA,NA,NA,NA,NA,NA,NA,NA,NA,NA,NA,NA,NA,NA,NA,NA,NA,NA,NA,NA,NA,NA,NA,NA,NA,NA,NA,NA,NA,NA,liberal_arts,NA
Carleton College,6,TRUE,TRUE,NA,Data Visualization,https://apps.carleton.edu/campus/registrar/catalog/current/course-details/?subject=CS&number=314,Undergrad,Computer Science,None,None,NA,Data Visualization as Activism,https://www.carleton.edu/interdisciplinary-studies/,Undergrad,Interdisciplinary Studies,None,None,NA,Introduction to Data Science,https://www.carleton.edu/math/courses/,Undergrad,Statistics,"Interactive Graphics, Spatial Data","R (ggplot, Shiny)",NA,NA,NA,NA,NA,NA,NA,NA,NA,NA,NA,NA,NA,NA,NA,NA,NA,NA,NA,NA,NA,NA,NA,NA,NA,NA,NA,NA,NA,NA,NA,NA,NA,NA,NA,NA,NA,NA,NA,NA,NA,NA,NA,NA,NA,NA,NA,NA,NA,NA,NA,NA,NA,NA,NA,NA,NA,NA,NA,NA,NA,NA,NA,NA,NA,NA,NA,NA,NA,NA,NA,NA,NA,NA,NA,NA,NA,NA,NA,NA,NA,NA,NA,NA,NA,liberal_arts,NA
United States Naval Academy,6,TRUE,FALSE,NA,NA,NA,NA,NA,NA,NA,NA,NA,NA,NA,NA,NA,NA,NA,NA,NA,NA,NA,NA,NA,NA,NA,NA,NA,NA,NA,NA,NA,NA,NA,NA,NA,NA,NA,NA,NA,NA,NA,NA,NA,NA,NA,NA,NA,NA,NA,NA,NA,NA,NA,NA,NA,NA,NA,NA,NA,NA,NA,NA,NA,NA,NA,NA,NA,NA,NA,NA,NA,NA,NA,NA,NA,NA,NA,NA,NA,NA,NA,NA,NA,NA,NA,NA,NA,NA,NA,NA,NA,NA,NA,NA,NA,NA,NA,NA,NA,NA,NA,NA,NA,NA,NA,NA,NA,NA,liberal_arts,NA
Claremont McKenna College,9,TRUE,FALSE,NA,NA,NA,NA,NA,NA,NA,NA,NA,NA,NA,NA,NA,NA,NA,NA,NA,NA,NA,NA,NA,NA,NA,NA,NA,NA,NA,NA,NA,NA,NA,NA,NA,NA,NA,NA,NA,NA,NA,NA,NA,NA,NA,NA,NA,NA,NA,NA,NA,NA,NA,NA,NA,NA,NA,NA,NA,NA,NA,NA,NA,NA,NA,NA,NA,NA,NA,NA,NA,NA,NA,NA,NA,NA,NA,NA,NA,NA,NA,NA,NA,NA,NA,NA,NA,NA,NA,NA,NA,NA,NA,NA,NA,NA,NA,NA,NA,NA,NA,NA,NA,NA,NA,NA,NA,NA,liberal_arts,NA
United States Military Academy,9,TRUE,FALSE,NA,NA,NA,NA,NA,NA,NA,NA,NA,NA,NA,NA,NA,NA,NA,NA,NA,NA,NA,NA,NA,NA,NA,NA,NA,NA,NA,NA,NA,NA,NA,NA,NA,NA,NA,NA,NA,NA,NA,NA,NA,NA,NA,NA,NA,NA,NA,NA,NA,NA,NA,NA,NA,NA,NA,NA,NA,NA,NA,NA,NA,NA,NA,NA,NA,NA,NA,NA,NA,NA,NA,NA,NA,NA,NA,NA,NA,NA,NA,NA,NA,NA,NA,NA,NA,NA,NA,NA,NA,NA,NA,NA,NA,NA,NA,NA,NA,NA,NA,NA,NA,NA,NA,NA,NA,NA,liberal_arts,NA
Middlebury College,11,TRUE,TRUE,NA,Making Data Visual,https://catalog.middlebury.edu/courses/view/catalog/catalog%2FMCUG/course/course%2FMATH0110,Undergrad,Mathematics,None,"Canva, Photoshop, R",NA,Information Visualization,https://catalog.middlebury.edu/offerings/view/catalog/catalog%2FMCUG/term/term%2F202290/type/genera%3Aoffering%2FLCT/type/genera%3Aoffering%2FSEM/time_start/0/time_end/86400/keywords/data+visualization/search/Search/page/1/offering/section%2F202290%2F92209,Undergrad,Computer Science,Interactive Graphics,None,NA,NA,NA,NA,NA,NA,NA,NA,NA,NA,NA,NA,NA,NA,NA,NA,NA,NA,NA,NA,NA,NA,NA,NA,NA,NA,NA,NA,NA,NA,NA,NA,NA,NA,NA,NA,NA,NA,NA,NA,NA,NA,NA,NA,NA,NA,NA,NA,NA,NA,NA,NA,NA,NA,NA,NA,NA,NA,NA,NA,NA,NA,NA,NA,NA,NA,NA,NA,NA,NA,NA,NA,NA,NA,NA,NA,NA,NA,NA,NA,NA,NA,NA,NA,NA,NA,NA,NA,NA,NA,NA,NA,liberal_arts,NA
Washington and Lee University,11,TRUE,FALSE,NA,NA,NA,NA,NA,NA,NA,NA,NA,NA,NA,NA,NA,NA,NA,NA,NA,NA,NA,NA,NA,NA,NA,NA,NA,NA,NA,NA,NA,NA,NA,NA,NA,NA,NA,NA,NA,NA,NA,NA,NA,NA,NA,NA,NA,NA,NA,NA,NA,NA,NA,NA,NA,NA,NA,NA,NA,NA,NA,NA,NA,NA,NA,NA,NA,NA,NA,NA,NA,NA,NA,NA,NA,NA,NA,NA,NA,NA,NA,NA,NA,NA,NA,NA,NA,NA,NA,NA,NA,NA,NA,NA,NA,NA,NA,NA,NA,NA,NA,NA,NA,NA,NA,NA,NA,NA,liberal_arts,NA
Smith College,13,TRUE,FALSE,NA,NA,NA,NA,NA,NA,NA,NA,NA,NA,NA,NA,NA,NA,NA,NA,NA,NA,NA,NA,NA,NA,NA,NA,NA,NA,NA,NA,NA,NA,NA,NA,NA,NA,NA,NA,NA,NA,NA,NA,NA,NA,NA,NA,NA,NA,NA,NA,NA,NA,NA,NA,NA,NA,NA,NA,NA,NA,NA,NA,NA,NA,NA,NA,NA,NA,NA,NA,NA,NA,NA,NA,NA,NA,NA,NA,NA,NA,NA,NA,NA,NA,NA,NA,NA,NA,NA,NA,NA,NA,NA,NA,NA,NA,NA,NA,NA,NA,NA,NA,NA,NA,NA,NA,NA,NA,liberal_arts,NA
Vassar College,13,TRUE,TRUE,NA,Cartography: Spatial Data Visualization with GIS,https://catalogue.vassar.edu/preview_course_nopop.php?catoid=46&coid=260105,Undergrad,Earth Science and Geography,Spatial Data,ArcGIS,NA,NA,NA,NA,NA,NA,NA,NA,NA,NA,NA,NA,NA,NA,NA,NA,NA,NA,NA,NA,NA,NA,NA,NA,NA,NA,NA,NA,NA,NA,NA,NA,NA,NA,NA,NA,NA,NA,NA,NA,NA,NA,NA,NA,NA,NA,NA,NA,NA,NA,NA,NA,NA,NA,NA,NA,NA,NA,NA,NA,NA,NA,NA,NA,NA,NA,NA,NA,NA,NA,NA,NA,NA,NA,NA,NA,NA,NA,NA,NA,NA,NA,NA,NA,NA,NA,NA,NA,NA,NA,NA,NA,NA,NA,NA,NA,NA,NA,NA,liberal_arts,NA
Davidson College,15,TRUE,TRUE,NA,Data Visualization,http://catalog.davidson.edu/preview_course_nopop.php?catoid=24&coid=41774,Undergrad,Computer Science,None,None,NA,NA,NA,NA,NA,NA,NA,NA,NA,NA,NA,NA,NA,NA,NA,NA,NA,NA,NA,NA,NA,NA,NA,NA,NA,NA,NA,NA,NA,NA,NA,NA,NA,NA,NA,NA,NA,NA,NA,NA,NA,NA,NA,NA,NA,NA,NA,NA,NA,NA,NA,NA,NA,NA,NA,NA,NA,NA,NA,NA,NA,NA,NA,NA,NA,NA,NA,NA,NA,NA,NA,NA,NA,NA,NA,NA,NA,NA,NA,NA,NA,NA,NA,NA,NA,NA,NA,NA,NA,NA,NA,NA,NA,NA,NA,NA,NA,NA,NA,liberal_arts,NA
Grinnell College,15,TRUE,FALSE,NA,NA,NA,NA,NA,NA,NA,NA,NA,NA,NA,NA,NA,NA,NA,NA,NA,NA,NA,NA,NA,NA,NA,NA,NA,NA,NA,NA,NA,NA,NA,NA,NA,NA,NA,NA,NA,NA,NA,NA,NA,NA,NA,NA,NA,NA,NA,NA,NA,NA,NA,NA,NA,NA,NA,NA,NA,NA,NA,NA,NA,NA,NA,NA,NA,NA,NA,NA,NA,NA,NA,NA,NA,NA,NA,NA,NA,NA,NA,NA,NA,NA,NA,NA,NA,NA,NA,NA,NA,NA,NA,NA,NA,NA,NA,NA,NA,NA,NA,NA,NA,NA,NA,NA,NA,NA,liberal_arts,NA
Hamilton College,15,TRUE,FALSE,NA,NA,NA,NA,NA,NA,NA,NA,NA,NA,NA,NA,NA,NA,NA,NA,NA,NA,NA,NA,NA,NA,NA,NA,NA,NA,NA,NA,NA,NA,NA,NA,NA,NA,NA,NA,NA,NA,NA,NA,NA,NA,NA,NA,NA,NA,NA,NA,NA,NA,NA,NA,NA,NA,NA,NA,NA,NA,NA,NA,NA,NA,NA,NA,NA,NA,NA,NA,NA,NA,NA,NA,NA,NA,NA,NA,NA,NA,NA,NA,NA,NA,NA,NA,NA,NA,NA,NA,NA,NA,NA,NA,NA,NA,NA,NA,NA,NA,NA,NA,NA,NA,NA,NA,NA,NA,liberal_arts,NA
Barnard College,18,FALSE,FALSE,Course Catalog broken,NA,NA,NA,NA,NA,NA,NA,NA,NA,NA,NA,NA,NA,NA,NA,NA,NA,NA,NA,NA,NA,NA,NA,NA,NA,NA,NA,NA,NA,NA,NA,NA,NA,NA,NA,NA,NA,NA,NA,NA,NA,NA,NA,NA,NA,NA,NA,NA,NA,NA,NA,NA,NA,NA,NA,NA,NA,NA,NA,NA,NA,NA,NA,NA,NA,NA,NA,NA,NA,NA,NA,NA,NA,NA,NA,NA,NA,NA,NA,NA,NA,NA,NA,NA,NA,NA,NA,NA,NA,NA,NA,NA,NA,NA,NA,NA,NA,NA,NA,NA,NA,NA,NA,NA,NA,liberal_arts,NA
Colgate University,18,TRUE,TRUE,NA,The Rhetoric of Data Visualization and Infographics,NA,Undergrad,Writing and Rhetoric,None,None,NA,NA,NA,NA,NA,NA,NA,NA,NA,NA,NA,NA,NA,NA,NA,NA,NA,NA,NA,NA,NA,NA,NA,NA,NA,NA,NA,NA,NA,NA,NA,NA,NA,NA,NA,NA,NA,NA,NA,NA,NA,NA,NA,NA,NA,NA,NA,NA,NA,NA,NA,NA,NA,NA,NA,NA,NA,NA,NA,NA,NA,NA,NA,NA,NA,NA,NA,NA,NA,NA,NA,NA,NA,NA,NA,NA,NA,NA,NA,NA,NA,NA,NA,NA,NA,NA,NA,NA,NA,NA,NA,NA,NA,NA,NA,NA,NA,NA,NA,liberal_arts,NA
Haverford College,18,TRUE,FALSE,NA,NA,NA,NA,NA,NA,NA,NA,NA,NA,NA,NA,NA,NA,NA,NA,NA,NA,NA,NA,NA,NA,NA,NA,NA,NA,NA,NA,NA,NA,NA,NA,NA,NA,NA,NA,NA,NA,NA,NA,NA,NA,NA,NA,NA,NA,NA,NA,NA,NA,NA,NA,NA,NA,NA,NA,NA,NA,NA,NA,NA,NA,NA,NA,NA,NA,NA,NA,NA,NA,NA,NA,NA,NA,NA,NA,NA,NA,NA,NA,NA,NA,NA,NA,NA,NA,NA,NA,NA,NA,NA,NA,NA,NA,NA,NA,NA,NA,NA,NA,NA,NA,NA,NA,NA,NA,liberal_arts,NA
United States Air Force Academy,18,TRUE,FALSE,NA,NA,NA,NA,NA,NA,NA,NA,NA,NA,NA,NA,NA,NA,NA,NA,NA,NA,NA,NA,NA,NA,NA,NA,NA,NA,NA,NA,NA,NA,NA,NA,NA,NA,NA,NA,NA,NA,NA,NA,NA,NA,NA,NA,NA,NA,NA,NA,NA,NA,NA,NA,NA,NA,NA,NA,NA,NA,NA,NA,NA,NA,NA,NA,NA,NA,NA,NA,NA,NA,NA,NA,NA,NA,NA,NA,NA,NA,NA,NA,NA,NA,NA,NA,NA,NA,NA,NA,NA,NA,NA,NA,NA,NA,NA,NA,NA,NA,NA,NA,NA,NA,NA,NA,NA,NA,liberal_arts,NA
University of Richmond,18,FALSE,FALSE,22-23 not available,NA,NA,NA,NA,NA,NA,NA,NA,NA,NA,NA,NA,NA,NA,NA,NA,NA,NA,NA,NA,NA,NA,NA,NA,NA,NA,NA,NA,NA,NA,NA,NA,NA,NA,NA,NA,NA,NA,NA,NA,NA,NA,NA,NA,NA,NA,NA,NA,NA,NA,NA,NA,NA,NA,NA,NA,NA,NA,NA,NA,NA,NA,NA,NA,NA,NA,NA,NA,NA,NA,NA,NA,NA,NA,NA,NA,NA,NA,NA,NA,NA,NA,NA,NA,NA,NA,NA,NA,NA,NA,NA,NA,NA,NA,NA,NA,NA,NA,NA,NA,NA,NA,NA,NA,NA,liberal_arts,NA
Wesleyan University,18,TRUE,TRUE,NA,Data Visualization: An Introduction,https://owaprod-pub.wesleyan.edu/reg/!wesmaps_page.html?stuid=&crse=014442&term=1231,Undergrad,"Quantitative Analysis Center, College of Integrative Sciences","Spatial Data, Interactive Graphics",R,NA,NA,NA,NA,NA,NA,NA,NA,NA,NA,NA,NA,NA,NA,NA,NA,NA,NA,NA,NA,NA,NA,NA,NA,NA,NA,NA,NA,NA,NA,NA,NA,NA,NA,NA,NA,NA,NA,NA,NA,NA,NA,NA,NA,NA,NA,NA,NA,NA,NA,NA,NA,NA,NA,NA,NA,NA,NA,NA,NA,NA,NA,NA,NA,NA,NA,NA,NA,NA,NA,NA,NA,NA,NA,NA,NA,NA,NA,NA,NA,NA,NA,NA,NA,NA,NA,NA,NA,NA,NA,NA,NA,NA,NA,NA,NA,NA,NA,NA,liberal_arts,NA
Colby College,24,TRUE,TRUE,NA,Statistical Graphics and Principles of Visualization,http://civilstat.com/portfolio/Syllabus398_SP2021.pdf,Undergrad,Statistics,"Confidence Intervals, Statistical Modeling, Spatial Data, Clustering, Time Series, High Dimensional, Networks, Interactive Graphics","R (tidyverse, ggplot, rmarkdown, shiny), Plotly",NA,NA,NA,NA,NA,NA,NA,NA,NA,NA,NA,NA,NA,NA,NA,NA,NA,NA,NA,NA,NA,NA,NA,NA,NA,NA,NA,NA,NA,NA,NA,NA,NA,NA,NA,NA,NA,NA,NA,NA,NA,NA,NA,NA,NA,NA,NA,NA,NA,NA,NA,NA,NA,NA,NA,NA,NA,NA,NA,NA,NA,NA,NA,NA,NA,NA,NA,NA,NA,NA,NA,NA,NA,NA,NA,NA,NA,NA,NA,NA,NA,NA,NA,NA,NA,NA,NA,NA,NA,NA,NA,NA,NA,NA,NA,NA,NA,NA,NA,liberal_arts,NA
Bates College,25,TRUE,TRUE,NA,"Visualizing Data: Design, Power, Truth",https://catalog.bates.edu/courses/ENVR238,Undergrad,Environmental Studies,None,None,NA,NA,NA,NA,NA,NA,NA,NA,NA,NA,NA,NA,NA,NA,NA,NA,NA,NA,NA,NA,NA,NA,NA,NA,NA,NA,NA,NA,NA,NA,NA,NA,NA,NA,NA,NA,NA,NA,NA,NA,NA,NA,NA,NA,NA,NA,NA,NA,NA,NA,NA,NA,NA,NA,NA,NA,NA,NA,NA,NA,NA,NA,NA,NA,NA,NA,NA,NA,NA,NA,NA,NA,NA,NA,NA,NA,NA,NA,NA,NA,NA,NA,NA,NA,NA,NA,NA,NA,NA,NA,NA,NA,NA,NA,NA,NA,NA,NA,NA,liberal_arts,NA
Berea College,26,TRUE,FALSE,NA,NA,NA,NA,NA,NA,NA,NA,NA,NA,NA,NA,NA,NA,NA,NA,NA,NA,NA,NA,NA,NA,NA,NA,NA,NA,NA,NA,NA,NA,NA,NA,NA,NA,NA,NA,NA,NA,NA,NA,NA,NA,NA,NA,NA,NA,NA,NA,NA,NA,NA,NA,NA,NA,NA,NA,NA,NA,NA,NA,NA,NA,NA,NA,NA,NA,NA,NA,NA,NA,NA,NA,NA,NA,NA,NA,NA,NA,NA,NA,NA,NA,NA,NA,NA,NA,NA,NA,NA,NA,NA,NA,NA,NA,NA,NA,NA,NA,NA,NA,NA,NA,NA,NA,NA,NA,liberal_arts,NA
Colorado College,27,TRUE,FALSE,NA,NA,NA,NA,NA,NA,NA,NA,NA,NA,NA,NA,NA,NA,NA,NA,NA,NA,NA,NA,NA,NA,NA,NA,NA,NA,NA,NA,NA,NA,NA,NA,NA,NA,NA,NA,NA,NA,NA,NA,NA,NA,NA,NA,NA,NA,NA,NA,NA,NA,NA,NA,NA,NA,NA,NA,NA,NA,NA,NA,NA,NA,NA,NA,NA,NA,NA,NA,NA,NA,NA,NA,NA,NA,NA,NA,NA,NA,NA,NA,NA,NA,NA,NA,NA,NA,NA,NA,NA,NA,NA,NA,NA,NA,NA,NA,NA,NA,NA,NA,NA,NA,NA,NA,NA,NA,liberal_arts,NA
Macalester College,27,TRUE,TRUE,NA,Data Visualization,https://catalog.macalester.edu/preview_course_nopop.php?catoid=25&coid=134547,Undergrad,Computer Science,"Spatial Data, Networks, Text Data",None,NA,Advanced Cartography and Geovisualization,https://catalog.macalester.edu/preview_course_nopop.php?catoid=25&coid=134138,Undergrad,Geography,"Spatial Data, Interactive Graphics","ArcGIS, Adobe Creative Cloud",NA,NA,NA,NA,NA,NA,NA,NA,NA,NA,NA,NA,NA,NA,NA,NA,NA,NA,NA,NA,NA,NA,NA,NA,NA,NA,NA,NA,NA,NA,NA,NA,NA,NA,NA,NA,NA,NA,NA,NA,NA,NA,NA,NA,NA,NA,NA,NA,NA,NA,NA,NA,NA,NA,NA,NA,NA,NA,NA,NA,NA,NA,NA,NA,NA,NA,NA,NA,NA,NA,NA,NA,NA,NA,NA,NA,NA,NA,NA,NA,NA,NA,NA,NA,NA,NA,NA,NA,NA,NA,NA,NA,liberal_arts,NA
Harvey Mudd College,29,TRUE,FALSE,NA,NA,NA,NA,NA,NA,NA,NA,NA,NA,NA,NA,NA,NA,NA,NA,NA,NA,NA,NA,NA,NA,NA,NA,NA,NA,NA,NA,NA,NA,NA,NA,NA,NA,NA,NA,NA,NA,NA,NA,NA,NA,NA,NA,NA,NA,NA,NA,NA,NA,NA,NA,NA,NA,NA,NA,NA,NA,NA,NA,NA,NA,NA,NA,NA,NA,NA,NA,NA,NA,NA,NA,NA,NA,NA,NA,NA,NA,NA,NA,NA,NA,NA,NA,NA,NA,NA,NA,NA,NA,NA,NA,NA,NA,NA,NA,NA,NA,NA,NA,NA,NA,NA,NA,NA,NA,liberal_arts,NA
Soka University of America,29,TRUE,FALSE,NA,NA,NA,NA,NA,NA,NA,NA,NA,NA,NA,NA,NA,NA,NA,NA,NA,NA,NA,NA,NA,NA,NA,NA,NA,NA,NA,NA,NA,NA,NA,NA,NA,NA,NA,NA,NA,NA,NA,NA,NA,NA,NA,NA,NA,NA,NA,NA,NA,NA,NA,NA,NA,NA,NA,NA,NA,NA,NA,NA,NA,NA,NA,NA,NA,NA,NA,NA,NA,NA,NA,NA,NA,NA,NA,NA,NA,NA,NA,NA,NA,NA,NA,NA,NA,NA,NA,NA,NA,NA,NA,NA,NA,NA,NA,NA,NA,NA,NA,NA,NA,NA,NA,NA,NA,NA,liberal_arts,NA
Bryn Mawr College,31,TRUE,FALSE,NA,NA,NA,NA,NA,NA,NA,NA,NA,NA,NA,NA,NA,NA,NA,NA,NA,NA,NA,NA,NA,NA,NA,NA,NA,NA,NA,NA,NA,NA,NA,NA,NA,NA,NA,NA,NA,NA,NA,NA,NA,NA,NA,NA,NA,NA,NA,NA,NA,NA,NA,NA,NA,NA,NA,NA,NA,NA,NA,NA,NA,NA,NA,NA,NA,NA,NA,NA,NA,NA,NA,NA,NA,NA,NA,NA,NA,NA,NA,NA,NA,NA,NA,NA,NA,NA,NA,NA,NA,NA,NA,NA,NA,NA,NA,NA,NA,NA,NA,NA,NA,NA,NA,NA,NA,NA,liberal_arts,NA
Kenyon College,31,TRUE,FALSE,"Only could find and search F22 catalog (undergrad & grad), no S23",NA,NA,NA,NA,NA,NA,NA,NA,NA,NA,NA,NA,NA,NA,NA,NA,NA,NA,NA,NA,NA,NA,NA,NA,NA,NA,NA,NA,NA,NA,NA,NA,NA,NA,NA,NA,NA,NA,NA,NA,NA,NA,NA,NA,NA,NA,NA,NA,NA,NA,NA,NA,NA,NA,NA,NA,NA,NA,NA,NA,NA,NA,NA,NA,NA,NA,NA,NA,NA,NA,NA,NA,NA,NA,NA,NA,NA,NA,NA,NA,NA,NA,NA,NA,NA,NA,NA,NA,NA,NA,NA,NA,NA,NA,NA,NA,NA,NA,NA,NA,NA,NA,NA,NA,NA,liberal_arts,NA
College of the Holy Cross,33,TRUE,FALSE,NA,NA,NA,NA,NA,NA,NA,NA,NA,NA,NA,NA,NA,NA,NA,NA,NA,NA,NA,NA,NA,NA,NA,NA,NA,NA,NA,NA,NA,NA,NA,NA,NA,NA,NA,NA,NA,NA,NA,NA,NA,NA,NA,NA,NA,NA,NA,NA,NA,NA,NA,NA,NA,NA,NA,NA,NA,NA,NA,NA,NA,NA,NA,NA,NA,NA,NA,NA,NA,NA,NA,NA,NA,NA,NA,NA,NA,NA,NA,NA,NA,NA,NA,NA,NA,NA,NA,NA,NA,NA,NA,NA,NA,NA,NA,NA,NA,NA,NA,NA,NA,NA,NA,NA,NA,NA,liberal_arts,NA
Pitzer College,33,TRUE,FALSE,NA,NA,NA,NA,NA,NA,NA,NA,NA,NA,NA,NA,NA,NA,NA,NA,NA,NA,NA,NA,NA,NA,NA,NA,NA,NA,NA,NA,NA,NA,NA,NA,NA,NA,NA,NA,NA,NA,NA,NA,NA,NA,NA,NA,NA,NA,NA,NA,NA,NA,NA,NA,NA,NA,NA,NA,NA,NA,NA,NA,NA,NA,NA,NA,NA,NA,NA,NA,NA,NA,NA,NA,NA,NA,NA,NA,NA,NA,NA,NA,NA,NA,NA,NA,NA,NA,NA,NA,NA,NA,NA,NA,NA,NA,NA,NA,NA,NA,NA,NA,NA,NA,NA,NA,NA,NA,liberal_arts,NA
Scripps College,33,TRUE,FALSE,NA,NA,NA,NA,NA,NA,NA,NA,NA,NA,NA,NA,NA,NA,NA,NA,NA,NA,NA,NA,NA,NA,NA,NA,NA,NA,NA,NA,NA,NA,NA,NA,NA,NA,NA,NA,NA,NA,NA,NA,NA,NA,NA,NA,NA,NA,NA,NA,NA,NA,NA,NA,NA,NA,NA,NA,NA,NA,NA,NA,NA,NA,NA,NA,NA,NA,NA,NA,NA,NA,NA,NA,NA,NA,NA,NA,NA,NA,NA,NA,NA,NA,NA,NA,NA,NA,NA,NA,NA,NA,NA,NA,NA,NA,NA,NA,NA,NA,NA,NA,NA,NA,NA,NA,NA,NA,liberal_arts,NA
Mount Holyoke College,36,TRUE,TRUE,NA,Scientific Illustration and Data Visualization,https://www.coursicle.com/mtholyoke/courses/CHEM/291/,Undergrad,Chemistry,None,None,NA,NA,NA,NA,NA,NA,NA,NA,NA,NA,NA,NA,NA,NA,NA,NA,NA,NA,NA,NA,NA,NA,NA,NA,NA,NA,NA,NA,NA,NA,NA,NA,NA,NA,NA,NA,NA,NA,NA,NA,NA,NA,NA,NA,NA,NA,NA,NA,NA,NA,NA,NA,NA,NA,NA,NA,NA,NA,NA,NA,NA,NA,NA,NA,NA,NA,NA,NA,NA,NA,NA,NA,NA,NA,NA,NA,NA,NA,NA,NA,NA,NA,NA,NA,NA,NA,NA,NA,NA,NA,NA,NA,NA,NA,NA,NA,NA,NA,NA,liberal_arts,NA
Bucknell University,37,TRUE,TRUE,NA,Data Visualization for the Digital Humanities,https://coursecatalog.bucknell.edu/search/?P=HUMN%20270,Undergrad,Humanities,None,None,NA,Data Visualization for Business Analytics,https://coursecatalog.bucknell.edu/search/?P=ANOP+270,Undergrad,Business Analytics,Interactive Graphics,NA,NA,NA,NA,NA,NA,NA,NA,NA,NA,NA,NA,NA,NA,NA,NA,NA,NA,NA,NA,NA,NA,NA,NA,NA,NA,NA,NA,NA,NA,NA,NA,NA,NA,NA,NA,NA,NA,NA,NA,NA,NA,NA,NA,NA,NA,NA,NA,NA,NA,NA,NA,NA,NA,NA,NA,NA,NA,NA,NA,NA,NA,NA,NA,NA,NA,NA,NA,NA,NA,NA,NA,NA,NA,NA,NA,NA,NA,NA,NA,NA,NA,NA,NA,NA,NA,NA,NA,NA,NA,NA,NA,NA,liberal_arts,NA
Occidental College,37,TRUE,FALSE,NA,NA,NA,NA,NA,NA,NA,NA,NA,NA,NA,NA,NA,NA,NA,NA,NA,NA,NA,NA,NA,NA,NA,NA,NA,NA,NA,NA,NA,NA,NA,NA,NA,NA,NA,NA,NA,NA,NA,NA,NA,NA,NA,NA,NA,NA,NA,NA,NA,NA,NA,NA,NA,NA,NA,NA,NA,NA,NA,NA,NA,NA,NA,NA,NA,NA,NA,NA,NA,NA,NA,NA,NA,NA,NA,NA,NA,NA,NA,NA,NA,NA,NA,NA,NA,NA,NA,NA,NA,NA,NA,NA,NA,NA,NA,NA,NA,NA,NA,NA,NA,NA,NA,NA,NA,NA,liberal_arts,NA
Denison University,39,TRUE,TRUE,NA,Data Visualization for Political Research,NA,Undergrad,Data for Political Research,None,None,NA,NA,NA,NA,NA,NA,NA,NA,NA,NA,NA,NA,NA,NA,NA,NA,NA,NA,NA,NA,NA,NA,NA,NA,NA,NA,NA,NA,NA,NA,NA,NA,NA,NA,NA,NA,NA,NA,NA,NA,NA,NA,NA,NA,NA,NA,NA,NA,NA,NA,NA,NA,NA,NA,NA,NA,NA,NA,NA,NA,NA,NA,NA,NA,NA,NA,NA,NA,NA,NA,NA,NA,NA,NA,NA,NA,NA,NA,NA,NA,NA,NA,NA,NA,NA,NA,NA,NA,NA,NA,NA,NA,NA,NA,NA,NA,NA,NA,NA,liberal_arts,NA
Franklin and Marshall College,39,TRUE,FALSE,NA,NA,NA,NA,NA,NA,NA,NA,NA,NA,NA,NA,NA,NA,NA,NA,NA,NA,NA,NA,NA,NA,NA,NA,NA,NA,NA,NA,NA,NA,NA,NA,NA,NA,NA,NA,NA,NA,NA,NA,NA,NA,NA,NA,NA,NA,NA,NA,NA,NA,NA,NA,NA,NA,NA,NA,NA,NA,NA,NA,NA,NA,NA,NA,NA,NA,NA,NA,NA,NA,NA,NA,NA,NA,NA,NA,NA,NA,NA,NA,NA,NA,NA,NA,NA,NA,NA,NA,NA,NA,NA,NA,NA,NA,NA,NA,NA,NA,NA,NA,NA,NA,NA,NA,NA,NA,liberal_arts,NA
Lafayette College,39,TRUE,TRUE,NA,"Data: the Good, the Bad, and the Misleading",https://lafayette.smartcatalogiq.com/current/catalog/courses/ce-civil-and-environmental-engineering/200/ce-202/,Undergrad,"Civil Engineering, Biology",None,None,NA,NA,NA,NA,NA,NA,NA,NA,NA,NA,NA,NA,NA,NA,NA,NA,NA,NA,NA,NA,NA,NA,NA,NA,NA,NA,NA,NA,NA,NA,NA,NA,NA,NA,NA,NA,NA,NA,NA,NA,NA,NA,NA,NA,NA,NA,NA,NA,NA,NA,NA,NA,NA,NA,NA,NA,NA,NA,NA,NA,NA,NA,NA,NA,NA,NA,NA,NA,NA,NA,NA,NA,NA,NA,NA,NA,NA,NA,NA,NA,NA,NA,NA,NA,NA,NA,NA,NA,NA,NA,NA,NA,NA,NA,NA,NA,NA,NA,NA,liberal_arts,NA
Oberlin College and Conservatory,39,TRUE,TRUE,NA,Data Computing and Visualization,NA,Undergrad,Statistics,"High Dimensional, Clustering",NA,NA,NA,NA,NA,NA,NA,NA,NA,NA,NA,NA,NA,NA,NA,NA,NA,NA,NA,NA,NA,NA,NA,NA,NA,NA,NA,NA,NA,NA,NA,NA,NA,NA,NA,NA,NA,NA,NA,NA,NA,NA,NA,NA,NA,NA,NA,NA,NA,NA,NA,NA,NA,NA,NA,NA,NA,NA,NA,NA,NA,NA,NA,NA,NA,NA,NA,NA,NA,NA,NA,NA,NA,NA,NA,NA,NA,NA,NA,NA,NA,NA,NA,NA,NA,NA,NA,NA,NA,NA,NA,NA,NA,NA,NA,NA,NA,NA,NA,NA,liberal_arts,NA
Skidmore College,39,TRUE,FALSE,NA,NA,NA,NA,NA,NA,NA,NA,NA,NA,NA,NA,NA,NA,NA,NA,NA,NA,NA,NA,NA,NA,NA,NA,NA,NA,NA,NA,NA,NA,NA,NA,NA,NA,NA,NA,NA,NA,NA,NA,NA,NA,NA,NA,NA,NA,NA,NA,NA,NA,NA,NA,NA,NA,NA,NA,NA,NA,NA,NA,NA,NA,NA,NA,NA,NA,NA,NA,NA,NA,NA,NA,NA,NA,NA,NA,NA,NA,NA,NA,NA,NA,NA,NA,NA,NA,NA,NA,NA,NA,NA,NA,NA,NA,NA,NA,NA,NA,NA,NA,NA,NA,NA,NA,NA,NA,liberal_arts,NA
Trinity College,39,TRUE,TRUE,Could only search by title,Data Visualization for All,https://datavizforall.org/#thu-2-march,Undergrad,Educational Studies,Interactive Graphics,None,NA,NA,NA,NA,NA,NA,NA,NA,NA,NA,NA,NA,NA,NA,NA,NA,NA,NA,NA,NA,NA,NA,NA,NA,NA,NA,NA,NA,NA,NA,NA,NA,NA,NA,NA,NA,NA,NA,NA,NA,NA,NA,NA,NA,NA,NA,NA,NA,NA,NA,NA,NA,NA,NA,NA,NA,NA,NA,NA,NA,NA,NA,NA,NA,NA,NA,NA,NA,NA,NA,NA,NA,NA,NA,NA,NA,NA,NA,NA,NA,NA,NA,NA,NA,NA,NA,NA,NA,NA,NA,NA,NA,NA,NA,NA,NA,NA,NA,NA,liberal_arts,NA
DePauw University,45,TRUE,FALSE,NA,NA,NA,NA,NA,NA,NA,NA,NA,NA,NA,NA,NA,NA,NA,NA,NA,NA,NA,NA,NA,NA,NA,NA,NA,NA,NA,NA,NA,NA,NA,NA,NA,NA,NA,NA,NA,NA,NA,NA,NA,NA,NA,NA,NA,NA,NA,NA,NA,NA,NA,NA,NA,NA,NA,NA,NA,NA,NA,NA,NA,NA,NA,NA,NA,NA,NA,NA,NA,NA,NA,NA,NA,NA,NA,NA,NA,NA,NA,NA,NA,NA,NA,NA,NA,NA,NA,NA,NA,NA,NA,NA,NA,NA,NA,NA,NA,NA,NA,NA,NA,NA,NA,NA,NA,NA,liberal_arts,NA
Furman University,45,TRUE,FALSE,NA,NA,NA,NA,NA,NA,NA,NA,NA,NA,NA,NA,NA,NA,NA,NA,NA,NA,NA,NA,NA,NA,NA,NA,NA,NA,NA,NA,NA,NA,NA,NA,NA,NA,NA,NA,NA,NA,NA,NA,NA,NA,NA,NA,NA,NA,NA,NA,NA,NA,NA,NA,NA,NA,NA,NA,NA,NA,NA,NA,NA,NA,NA,NA,NA,NA,NA,NA,NA,NA,NA,NA,NA,NA,NA,NA,NA,NA,NA,NA,NA,NA,NA,NA,NA,NA,NA,NA,NA,NA,NA,NA,NA,NA,NA,NA,NA,NA,NA,NA,NA,NA,NA,NA,NA,NA,liberal_arts,NA
Thomas Aquinas College,45,FALSE,FALSE,No course catalog + only has 1 major,NA,NA,NA,NA,NA,NA,NA,NA,NA,NA,NA,NA,NA,NA,NA,NA,NA,NA,NA,NA,NA,NA,NA,NA,NA,NA,NA,NA,NA,NA,NA,NA,NA,NA,NA,NA,NA,NA,NA,NA,NA,NA,NA,NA,NA,NA,NA,NA,NA,NA,NA,NA,NA,NA,NA,NA,NA,NA,NA,NA,NA,NA,NA,NA,NA,NA,NA,NA,NA,NA,NA,NA,NA,NA,NA,NA,NA,NA,NA,NA,NA,NA,NA,NA,NA,NA,NA,NA,NA,NA,NA,NA,NA,NA,NA,NA,NA,NA,NA,NA,NA,NA,NA,NA,NA,liberal_arts,NA
Hillsdale College,48,TRUE,FALSE,NA,NA,NA,NA,NA,NA,NA,NA,NA,NA,NA,NA,NA,NA,NA,NA,NA,NA,NA,NA,NA,NA,NA,NA,NA,NA,NA,NA,NA,NA,NA,NA,NA,NA,NA,NA,NA,NA,NA,NA,NA,NA,NA,NA,NA,NA,NA,NA,NA,NA,NA,NA,NA,NA,NA,NA,NA,NA,NA,NA,NA,NA,NA,NA,NA,NA,NA,NA,NA,NA,NA,NA,NA,NA,NA,NA,NA,NA,NA,NA,NA,NA,NA,NA,NA,NA,NA,NA,NA,NA,NA,NA,NA,NA,NA,NA,NA,NA,NA,NA,NA,NA,NA,NA,NA,NA,liberal_arts,NA
Union College,48,TRUE,TRUE,NA,Data Visualization,https://catalog.union.edu/preview_course_nopop.php?catoid=25&coid=56650,Undergrad,Economics,Interactive Graphics,Tableau,NA,NA,NA,NA,NA,NA,NA,NA,NA,NA,NA,NA,NA,NA,NA,NA,NA,NA,NA,NA,NA,NA,NA,NA,NA,NA,NA,NA,NA,NA,NA,NA,NA,NA,NA,NA,NA,NA,NA,NA,NA,NA,NA,NA,NA,NA,NA,NA,NA,NA,NA,NA,NA,NA,NA,NA,NA,NA,NA,NA,NA,NA,NA,NA,NA,NA,NA,NA,NA,NA,NA,NA,NA,NA,NA,NA,NA,NA,NA,NA,NA,NA,NA,NA,NA,NA,NA,NA,NA,NA,NA,NA,NA,NA,NA,NA,NA,NA,NA,liberal_arts,NA
Whitman College,48,TRUE,FALSE,NA,NA,NA,NA,NA,NA,NA,NA,NA,NA,NA,NA,NA,NA,NA,NA,NA,NA,NA,NA,NA,NA,NA,NA,NA,NA,NA,NA,NA,NA,NA,NA,NA,NA,NA,NA,NA,NA,NA,NA,NA,NA,NA,NA,NA,NA,NA,NA,NA,NA,NA,NA,NA,NA,NA,NA,NA,NA,NA,NA,NA,NA,NA,NA,NA,NA,NA,NA,NA,NA,NA,NA,NA,NA,NA,NA,NA,NA,NA,NA,NA,NA,NA,NA,NA,NA,NA,NA,NA,NA,NA,NA,NA,NA,NA,NA,NA,NA,NA,NA,NA,NA,NA,NA,NA,NA,liberal_arts,NA
